candidate_id,book,chapter_candidate,printed_page_candidate,pdf_page,marker_types,category_candidate,design_phase_candidate,extraction_score,contains_quantity,status,passage_ocr
AC-B1-P011-12,1,II,7,12,obligation|condition|purpose,roof,roof,1.0,True,automatic_unverified_candidate,"Ma le pietre molli , e tenere , mafsimamente fe la natura , e foficienza loro ci farà incognita , come quando fi cau afferò in luogo , oueper adietro non ne follerò fiate cauate ; fi deono cauare la Ellate , e tenere allo Icoperto , nè fi porranno anzi due anni in opera : fi cauano la Ellate , accioche non elfendo elle auezzeà ’ venti , alle pioggie , & al ghiaccio ; àpocoàpoco s ’ in - durifgaao , & diuengano atte à refiftere à limili ingiurie de ’ tempi ."
AC-B1-P014-11,1,VII,,15,obligation|condition|purpose,construction,construction,1.0,True,automatic_unverified_candidate,"Si faranno le palificate non folo fotto i muri di fuori,porti fopra i canali ; ma an cora fotto quelli , che fono fra terra,e diuidono le fabriche : perche fe fi faranno le fondamenta a ’ mu ri di mezo , diuerfo da quelle di fuori , mettendo delle traui vna à canto dell ’ altra per lungo , & altre"
AC-B1-P018-01,1,X,14,19,obligation|condition|purpose,construction,construction,1.0,True,automatic_unverified_candidate,"14 LIBRO quando fi faranno i muri di pietre Cotte ; accioche perla vecchiezza venendo à calare in parte la ftt ' Ut - tura di mezo ; non diuentino i muri ruinofi , come è occorfo , & fi vede in molte mura da quella parte fpecialmente eh e riuolta à Tramontana « DEL MODO CHE TENEVANO GLI ANTICHI NEL FAR gli edificij di pietra ."
AC-B1-P020-10,1,XIIII,6,21,obligation|prohibition|condition,other,unclassified,1.0,True,automatic_unverified_candidate,"Ma nelle fabriche priuate non fi faranno nè meno grofsi del terzo del vano,ne piu dei due terzi , & douerebbono ellèr quadri : ma per Ibernare la lpefa,e per fare il luogo da palleggiare piùlargo fi faranno manco grofsi per fianco di quel lo,che fiano in fronte,e per adornare la facciata ; fi porranno nel mezo delle fronti loromeze colon ne,ouero altri piladri , che tolgano fufo lacomice,che farà fopra gli archidellaLoggia ; e faranno del la grofiezza,cne richiederanno le loro altezze,fecondo ciafcun ’ ordine,come ne i foglienti capitoli & dilegni fi vederà ."
AC-B1-P059-07,1,XXV,55,60,obligation|condition|purpose,opening,openings_and_light,1.0,True,automatic_unverified_candidate,"Percioche cofa manifefta è che di molto più luce ha dibifogno vna danza grande,accioche fia lucida , ■ e chiara,che vna picciola : e fe fi faranno le fineftre più picciole e rare di quello , che fi conuenga ; ren deranno i luoghi ofcuri : e fe eccederanno in troppo grandezza ; li faranno quali inhabitabili : perche cftendoui portato il freddo , & il caldo daU ’ Ariajfarannoqueiluoghifccondoleftagionideiranno caldifsimi,c freddifsimi,cafo che la regione del Cielo , alla quale efsi faranno volti j non gli apporti al ■ quanto di giouamento ."
AC-B1-P064-03,1,XXVII,6,65,obligation|prohibition|condition|purpose,site_orientation,site_and_orientation,1.0,True,automatic_unverified_candidate,"Douefideueauertirechelecannenonfi facciano nè troppo larghe , nè troppo ftrette : perche Se fi faranno larghe , uagando per quelle l ’ Aria ; caccierà il fumo all ’ in giù , e non lo lafcierà afcendere, & ufeir fuori liberamente : e nelle troppo ftrette il fumo non hauendo libera la ufoita ; s ’ ingorgherà,e tornerà indietro : però ne ’ camini per le ftanze non fi faranno le canne nè me no l arghe di mezo piede,nè più di noue onde,e lunghe due piedi e mezo : e la bocca della Piramide Vìoue fi congiugne con la canna li lava alquanto più ftretta : acciòchc ritornando il fumo iti giù ; troui quell ’ impedimento,e non poffa uenir nella ftanza ."
AC-B1-P064-11,1,XXVII,6,65,obligation|prohibition|purpose,other,unclassified,1.0,True,automatic_unverified_candidate,"Saranno affai ampie,Se alla grandezza , e qualità della fabrica non pareranno ftrette, & angufte : ma non fi faranno giamai me no larghe di quattro piedi : accioche Se due perfone per quelle s ’ incontralfero ; pollano commoda - mente darli luogo ."
AC-B1-P065-02,1,,1,66,obligation|prohibition|purpose,circulation,circulation,1.0,True,automatic_unverified_candidate,"I gradi non lì deono fare più alti di lei oncie di un piede , e fé li faranno più bafsi,mafsimamente nelle ( cale continouate , e lunghe ; le renderanno piùfacili : perche nell ’ alzarfi ; meno fi llancheràil piede ; ma non fi faranno mai meno alti di quattro oncie ."
AC-B4-P207-08,4,III,,208,obligation|condition|purpose,other,unclassified,1.0,True,automatic_unverified_candidate,"Quelli , che senza porticisi fanno ; possono hauer tre aspetti : l ' uno si nomina in Antis , cioè faccia in pilastri : perche Ante si chiamano i pilasri , che si fanno ne gli angoli , ouero cantoni delle fabriche ."
AC-B4-P208-04,4,IIII,,209,obligation|condition|purpose,column_order,orders_and_detail,1.0,True,automatic_unverified_candidate,"Ouero si fanno bene i Tempij , c ' habbiano , come il sopradetto ; otto co lonne per fronte se quindicine lati ; mai portici intorno non si fanno doppij , perche si toglie uia un ' ordine di colonne ; onde essi portici uengono ad essere larghi quanto sono due interco lunnij , & una grossezzi di Colonna ; et sichiama il loro aspetto Pleudodipteros , cioè Fal so alato doppio ."
AC-B1-P071-06,1,XXIX,7,72,recommendation|condition|purpose,construction,construction,0.9099999999999999,True,automatic_unverified_candidate,"Varie fono le maniere di dilporre il legname del coperto : ma quando i muri di mezo vanno à tor fufo le traili ; facilmente lì accommodano , e mi piace molto , per che i muri di fuori non fentono molto calicò ; e perche marcendoli vna tella di qualche legno ; non è però la coperta in pericolo ."
AC-B1-P010-06,1,I,6,11,obligation|condition,other,unclassified,0.86,True,automatic_unverified_candidate,"Tre cofiein ciaficuna fa - . brica ( come dice Vitruuio ) deono confiderariì , lenzalequali niuno edificio meri terà elfier lodato ; & quelle fono , l ’ vtile , ò commodità , la perpetuità , & la bellezza : ■ . percioche non fi potrebbe chiamare perfetta quell ’ opera , che vtile fulfie , ma per po _ _ co tempo ; ouero che per molto non fulfie còmoda ; ouero c ’ hauendo amendue que He ; niuna grada poi in fie conteneffie ."
AC-B1-P011-01,1,II,7,12,obligation|purpose,construction,construction,0.86,True,automatic_unverified_candidate,"PRIMO . 7 à quello,che fi Vuol fare . Gòfiderate quelle cole,nel dilegno , e nel Modello ; fi deue fare diligétemen te il . conto di tutta la lpefa,che vi può andare : e fare à tempo prouifione del danaro,e apparecchiar la materia,ette parerà far di meftieri ; accioche edificàdo , non manchi alcuna cola,che impedifeaileom . pimento dell ’ opera,elfendo che non picciola lode lia dell ’ edificatore,e non mediocre vtilità à tutta la fabricàjlè con la debita preftezza vien fornita, & che tutti i muri ad egual fegno tirati ; egualméte cali no : onde non facciano quelle fedine,che fi fogliono vedere nelle f abriche in diuerfi tempi, & inegual mente condotte alfine ."
AC-B1-P017-03,1,,,18,obligation|condition,construction,construction,0.86,True,automatic_unverified_candidate,"V i Q - v 1 - * \ V — ■ - > s / 7 Ì ? \ "" V - ; IL 3 IL - t y - B P , Muri di pietra efteriori . Muri di pietra pofti per trauerfo . R , Caflèpienedipietre,editerra . Quelle in fomraa fono le maniere , delle quali fi foruirono gli Antichi , & hora fi ueggono i veftigi : dalle quali fi comprende che nei muri di qualunque forte fi fìano , debbono farli alcuni corfi , i qua li fiano come nerui , che tengano infieme legate l ’ altre parti ; fiche mafsimamente fi olforuerà , C quando"
AC-B1-P018-07,1,X,14,19,obligation|condition,room_proportion,space_organization_and_proportion,0.86,True,automatic_unverified_candidate,"Però fi deono le feneftre , & l ’ apriture allontanare da quelli più che fi può,ò almeno lalfar tanto di fpatio dall ’ apritura all ’ angolo , quanto è la larghezza di quella . 1 Hora c ’ habbiamo parlato de ’ muri ( empiici ; è cóueneuole che pafsiamo à gli ornaméti,de ’ quali niu - no maggiore ricette la fabrica di quello,che le danno le colonne,quando fono fintate ne ’ luoghi con - ueneuoli , e con bella proportioneà tutto l ’ edificio ."
AC-B1-P020-07,1,XIIII,6,21,obligation|purpose,column_order,orders_and_detail,0.86,True,automatic_unverified_candidate,"Deono edere nelle fronti de gli edificale colonne pari : accioche nel mezo venga vn ’ intercolunnio , il quale lì fa rà alquanto maggiore de gli altri , accioche meglio lì veggano le porte , e le entrate , che lì fogliono mettere nel mezo ; e quedo quato à i colonnati femplici ."
AC-B1-P020-09,1,XIIII,6,21,obligation|condition,other,unclassified,0.86,True,automatic_unverified_candidate,"E quando haueranno à fodentare grandifsimo carico , come ne gli edifìcij molto grandi ; all ’ hora fi faranno grofsi per la metà del vano,come fono quelli del Thea tro di Vicenza,e delF Anfìtheatro di Capua ; ouero per li due terzi , come quelli del Theatro di Mar cello in Roma ; e del Theatro di Ogubio : il quale hora è del Sig ."
AC-B1-P026-01,1,,,27,obligation|condition,column_order,orders_and_detail,0.86,True,automatic_unverified_candidate,"Le colonne le fi faranno ( empiici lenza pilaftri deono effèr lunghe fette tefte e meza , ouero otto ."
AC-B1-P026-04,1,,,27,obligation|purpose,column_order,orders_and_detail,0.86,True,automatic_unverified_candidate,"Negli Antichi non fi vede Piedeftilo à queft ’ ordine , ma fi bene ne ’ moderni : però volendouelo porre ; fi farà che ’ l Dado fia quadro , e dalui fi piglieràla mifura de gli ornamenti fuoi : perche fi dim oierà in quattro parti vguali , e la bafa co ’ lfuozocco farà per duediquellejepervnalaCimacia , alla quale deueelfere attaccato l ’ orlo della baia della colonna ."
AC-B1-P030-05,1,,26,31,obligation|condition,other,unclassified,0.86,True,automatic_unverified_candidate,"Si diuide in fette parti : d ’ una fi fa la Tenia , ouero benda ; e tanto fe le dà di Iporto : fi torna poi à diuidere il tutto in parti fei , & una fi dà alle goc - cie : le quali deono effer fei , & al Liftello,che è ( òtto la Tenia,che è per il terzo di dette goccie ."
AC-B1-P035-03,1,,,36,obligation|condition,other,unclassified,0.86,True,automatic_unverified_candidate,"Gli aftragali deono elfere la ottaua parte del cauetto : la Cimbia della co lonna è per la terza parte del baftone della bafa : ma fe fi farà la bafa congiunta con parte della colon na ; lì farà la Cimbia più lottile , come ho detto ancho nel Dorico ."
AC-B1-P041-01,1,XVII,31,42,obligation|condition,room_proportion,space_organization_and_proportion,0.86,True,automatic_unverified_candidate,Se fi faranno incanellatedourano hauere ventiquattro ca nali : i quali profondino perla metà d ella loro larghezza .
AC-B1-P046-04,1,,42,47,obligation|condition,other,unclassified,0.86,True,automatic_unverified_candidate,"La curuatura , ouero feemita fi farà allungando vn filo dall ’ vn corno all ’ altro , e pigliando il punto , onde viene à formarli vn triangolo , la cui bafa è lafcemità ."
AC-B1-P051-01,1,,47,52,obligation|purpose,vertical_dimension,vertical_dimensioning,0.86,True,automatic_unverified_candidate,"PR I MO . 47 E perche ( come ho detto ) fi deue far queft ’ ordinepiùfuelto del Corinthio , • il fuo Piedeftilo è per il terzo dell ’ altezza della colonna : e fi diuide in parti otto , e meza ."
AC-B1-P056-08,1,XXI,52,57,obligation|purpose,room_proportion,space_organization_and_proportion,0.86,True,automatic_unverified_candidate,"Le Stanze deono elfere cópartite dall ’ vna,e l ’ altra parte dell ’ entrata,e della Sala : e fi deue auertire , che quelle dalla parte delira rifpondino , e fiano uguali à quelle dalla finillra : accioche la fabrica fia coli in vna parte come nell ' altra : & i muri Tentano il carico del coperto ugualmente :"
AC-B1-P057-06,1,XXII,0,58,obligation|purpose,construction,construction,0.86,True,automatic_unverified_candidate,"I fofhttati ancor efsi diuerfamente fi fanno : percioche molti lì di - ] ettand ’ hauciiidirrauibelle,ebcnlauorate ; ouebifognaauertireche quelle traui deono eiferedi - ftanti vna dall ’ altra,vna gro ( fezza,e meza di traue : perche coli riefeono i folari belli all ’ occhio , e ui re fta tanto di muro fra le tefte delle traui,che è atto à foftenere quello di fopra : ma le lì faranno più di - ftanti non renderanno bella uifta : e le fi faranno meno ; farà quali vn diuidere il muro di lòpra da quel lo di fotto : onde marcendoli, © abbruciandoli le traui ; il muro di fopra farà sforzato à rumare ."
AC-B1-P057-08,1,XXII,0,58,obligation|purpose,vertical_dimension,vertical_dimensioning,0.86,True,automatic_unverified_candidate,"Se in uolto ( come lì fogliono farequelledel primo ordine , perche coli riefeono più belle , e fono meno elpofte à gli incendij ) l ' altezze de volti nelle ftanze quadre fi faranno aggiunta la terza parte - ailalargliez za della ftanza ."
AC-B1-P057-10,1,XXII,0,58,obligation|condition,vertical_dimension,vertical_dimensioning,0.86,True,automatic_unverified_candidate,"Quella altezza lì riarmerà ponendo lalarghezzaappreftòlalunghezza,ediuidédo il tutto in di e parti eguali : percioche vna di quelle metà farà l ’ altezza del volto , come in efempio , lìa b,c , il luogo da inuoltarfi : ag giogali la larghezza a,c,ad a,b,lunghezza,e facciali la linea e , b,laqualelidiuidainduepartivgualinelpunto f , diremo f , b,effer l ’ altezza,che cerchiamo : ouero lìa la ftanza da inuol tarli lunga piedi xij . e larga vj . congiunto il vj . al xij . ne proce de xviij : la metà del quale è noue : adunque in uolto douerà elfer alto noue piedi ."
AC-B1-P059-04,1,XXV,55,60,obligation|prohibition,room_proportion,space_organization_and_proportion,0.86,True,automatic_unverified_candidate,"Le porte delle danze non fi faranno più larghe di tre pie - Pevl di, & alte lei,e mezo ; nè meno di due piedi in larghezza,e cinque in altezza ."
AC-B1-P059-08,1,XXV,55,60,obligation|prohibition,room_proportion,space_organization_and_proportion,0.86,True,automatic_unverified_candidate,"Per la qual cofa non fi faranno fineftre più larghe della quarta parte della lar fìruj U ghezza delle ftanze : nè più ftrette della quinta : e fi faranno alte due quadri,e di più la feda parte del la larghezza loro ."
AC-B1-P059-09,1,XXV,55,60,obligation|purpose,room_proportion,space_organization_and_proportion,0.86,True,automatic_unverified_candidate,"E perche nelle cafe fi fanno ftanze grandi , mezane,e picciole,e nondimeno le fine ftre deono effere tutte vguali nel loro ordine,o folaro ; à me piacciono molto,per pigliar 1 a mifura del le dette fineftre,quelle ftanze,lalunghezza delle quali è due terzi più della larghezza , cioè fe la lar ghezza è xviij . piedi,che la lunghezza fia xxx . e partifco la larghezza in quattro par ti e meza ."
AC-B1-P059-12,1,XXV,55,60,obligation|purpose,opening,openings_and_light,0.86,True,automatic_unverified_candidate,"Debbono le fineftre da man dcftra corrifponderc à quelle da man finiftra : c quelle di fopra edere al diritto di quelle di fotto : e le porte Umilmente tutte effere al diritto vna fopra l ’ altra : accioche fopra il vano fia il vano,e fopra il pieno fia il pieno : & ancho rincontrarli acciò che ftando in vna parte della cafajfi polfa vedere fin dall ’ altra : fiche apporta uaghezza,e frefeo la Eftate, & altri commodi ."
AC-B1-P065-05,1,,1,66,obligation|purpose,vertical_dimension,vertical_dimensioning,0.86,True,automatic_unverified_candidate,"Però non fi palferà il numero di vndici,ò tredici al più : e giunti à quello legno , douendoli falire più alto ; fi fara vn piano , che Requie fi chiama : accioche i deboli , e fianchi ritrouino oue po lari ! : & interuenendo che alcuna cofa di alto calchi ; habbia doue fermarli ."
AC-B1-P065-09,1,,1,66,obligation|condition,column_order,orders_and_detail,0.86,True,automatic_unverified_candidate,"Quelle c ’ hanno la colonna nel mezo ; fi fanno in quello modo,che diuifo il dia - , metro in tre parti ; due iìano lalciate à i gradi , & vna fi dia alla colonna,come nel difegno A : oucro fi diuiderà il diametro in parti fette,e tre fi daranno alla colonna di mezo , e quattro àigradi : & in que llo modo à punto è fatta la Scala della Colonna Traiana : & fe fi facelfero i gradi torti , come nel dife gno 13 ; larebbono molto beili da uedere , e riulcirebbono più lunghi,che fe fi facelfero diritti ."
AC-B2-P118-05,2,,,119,obligation|condition,other,unclassified,0.86,True,automatic_unverified_candidate,"Si faranno alquanto pendenti al mezo , e c ’ habbiano il fiiolo di terrazzo , ouero fiano lafincate in modo , che fpandendolì il nino ; polfa elfer raccolto ."
AC-B3-P159-01,3,,,160,obligation|condition,site_orientation,site_and_orientation,0.86,True,automatic_unverified_candidate,"D E L L E V I E . C A P . Primo . E V O N O le uie elfer curte , commode , ficure , diletteuoli , e belle : fi faranno curte , e commode fe fi tireranno diritte , & fe fi faranno ampie , onde i carri , & i giumenti incontrandoli,non s ' impcdifcano l ’ un l ’ altro ; e però fu apprelìo gli Antichi per legge ftatuito , che le uie non fo fiero meno larghe di otto piedi , oue andauano diritte ; ne meno difedici,doue andauano piegate , e torte : fa - _ ranno oltra di ciò commode fe fi faranno tutte uguali ; cioè che non ui fiano al cuni luoghi , ne ’ quali non fi poifa facilmente andar con gli eferciti , & fe non faranno impedite da acque , ouer da fiumi : onde fi legge che Traiano Imperadore,hauendo rifpctto a quelle due qualità , che necelfariamente fi ricercano nelle uie , quando riftaurò la celebratisfima uia Appia , laquale era fiata in molte parti guafta dal Tempo ; a ( ciugòi luoghi paludofi , abbafsò i monti , pareggiò le ualli , & facendo doue bifognaua , ponti , riduife l ’ andar per elfa molto facile & efpe dito ."
AC-B3-P160-08,3,VI,,161,obligation|purpose,material,materials,0.86,True,automatic_unverified_candidate,"Ou ero non facendoli i portici , ( nel qu al cafo le ftrade rielcono più ampie , & più allegre ) fi faranno dall ’ ima , e dall ’ altra parte alcuni mar girti falicati di Mattoni , che fono pietre cotte più groffe , & più ftrette de ’ quadrelli : perche nel caminare non offendono punto il piede : & la parte di mezo lì lateieràper i carri , e per i giumen ti , e fi falicherà di felice , o di altra pietra dura ."
AC-B3-P164-03,3,VI,12,165,obligation|purpose,opening,openings_and_light,0.86,True,automatic_unverified_candidate,"E però quelli , che fi fanno alle porte delle Città , iquali chiamiamo ponti leuatori , perche li poftòno alzare , & calla - re fecondo il uolere di quelli di dentro ; fi fogliono laftricare diuerghe,elamedi ferro , accio - che dalle ruote de ’ carri , & da ’ piedi delle beftie non fiano rotti , e guafti ."
AC-B3-P173-06,3,XI,,174,obligation|purpose,construction,construction,0.86,True,automatic_unverified_candidate,"Si faranno con pietre grandi , lequali fi congiogneranno infieme con arpefi , e con chiodi di ferro , ouer di metallo : accioche con tali incatenamenti uengano à elfer come tutti di un pezzo , Le fronti de pilallri fi fogliono far angulari , cioè che habbiano nelTeltremità loro l ’ angulo retto , e fi fanno anco alcuna uolta à mezo cerchio ; accioche fendino l ’ acqua , e facciano che quelle co fe , lequali fono dal fiume con impeto portate all ’ ingiù , percotendo in loro fi lontanino da ’ pila llri , e pasfino per mezo dell ’ arco ."
AC-B3-P173-08,3,XI,,174,obligation|purpose,vertical_dimension,vertical_dimensioning,0.86,True,automatic_unverified_candidate,"Quelli archi fono fortisfimi,chefi fanno di mezo cerchio ; perche pofano fopra i pilallri , e non fi urtano l ’ un l ’ al tro : ma fe per la qualità del fito , e per la difpolìtion de ’ pilallri , il mezo cerchio intiero per la troppo altezza offendelTe,facendo lafalita del ponte difficile ; fi feruiremo del diminuito,facen do gli archi c ’ habbiano di frezza il terzo del lor diametro , e fi faranno in tal calo le fondamenta nelle ripe fortisfime ."
AC-B3-P183-04,3,XVI,3,184,obligation|purpose,other,unclassified,0.86,True,automatic_unverified_candidate,"Nelle Città maritime fi faranno ap - prelfo il porto : e nelle città,che fono fra terra , fi faranno nel mezo di quelle ; accioche fiano com mode à tutte le parti della Città ."
AC-B3-P183-08,3,XVI,3,184,obligation|purpose,material,materials,0.86,True,automatic_unverified_candidate,"Deuono farli le pregioni fané , e commode : perche fono fiate ritrouate per cullodi a , e non per fùpplicio e p cna de i federati , o d ’ altre forti d ’ huomini : però fi faranno le lor mura nel mezo di pietre ui - ue grandisfime incatenate infieme con arpefi , e con chiodi di ferro , o di metallo ; c s ’ intoniche - rannopoidalluna e dall ’ altra parte di pietra cotta : perche coli facendo l ’ humidità della pietra uiua non le renderà mal fané , ne perderanno dellalorficurezza ."
AC-B3-P187-02,3,XVIII,,188,obligation|purpose,opening,openings_and_light,0.86,True,automatic_unverified_candidate,"Le colonne di fopra fi faceuano la quarta parte meno di quelle di fotto : perche le cofe inferiorfrilpetto alpefo,cheportano ; deono eifer più ferme che le disopra come è flato det to nel primo Lib ."
AC-B3-P193-01,3,XX,41,194,obligation|purpose,room_proportion,space_organization_and_proportion,0.86,True,automatic_unverified_candidate,"Cap . XX . l come gli Antichi fecero le lor Baliliehe,acciò che ’ l derno , eia ftate gl ’ huomi ni hauelfero oue raunarfi à trattar commodamente le lor caufe, & i lor negocij : coli à tempi noftri in ciafcuna città d ’ Italia , e fuori fi fanno alcune Sale publi - che ; lequali li polfono chiamar meritamente Baliliehe : percioche lor prelfo è l ’ habitatione del fupremo magiftrato,onde uengono à eller parte di quella ; e propriamente quello nome , Bafilica , lignifica cafa regale : & anco perche ui Hanno 1 giudici a render ragione al popolo ."
AC-B4-P203-01,4,,,204,obligation|purpose,temple,building_type_and_composition,0.86,True,automatic_unverified_candidate,"IL QVARTO LIBRO DELLARCHITETTVRA DI ANDREA PALLADIO . Londres Proemio a i Lettori . EIN fabrica alcuna è da esser posta opera , & industria , accioche ella con bella misura , e proportione sia compartita , ciò senza alcun dubbio si deue farc ne i Tempij , ne quali esso Fattore , e Datore ditutte le cose DIO O ."
AC-B4-P209-01,4,V,,210,obligation|purpose,opening,openings_and_light,0.86,True,automatic_unverified_candidate,"A R T O . QV diametri di colonna ; sono molto piccioli , estretti ; onde non possono due persone entrare nei porti ci al pari ; ma bisogna che vadino à fila , vna dietro l ' altra : & le porte , & iloro ornamenti non si posso no veder di lontano : e finalmente perche per la strette Wa de gli spacij è impedito il caminare d ' intor no al Tempio ."
AC-B4-P209-02,4,V,,210,obligation|condition,column_order,orders_and_detail,0.86,True,automatic_unverified_candidate,"Sono però queste due maniere tollerabili , quando si fanno le colonne grandi ; come si vede in quasituttii Tempij Antichi ."
AC-B4-P209-11,4,V,,210,obligation|condition,temple,building_type_and_composition,0.86,True,automatic_unverified_candidate,"Ma quelli , che si fanno chiusi , cioè con la cella , ò si f anno con le ale à torno , ouero con vn por tico solamente nella fronte ."
AC-B4-P209-14,4,V,,210,obligation|prohibition,temple,building_type_and_composition,0.86,True,automatic_unverified_candidate,"Mase à i Tempij ritondi si porrà il portico solo nella fronte , egli si farà Iungo quanto la larghezzi della cella , à la ottaua parte meno : si potrà faire ancho più corto , ma non però che giamai siamenolungo di tre quarti della larghezzi del Tempio ; e non si farà piu largo della terza parte della sualunghezzi ."
AC-B4-P209-15,4,V,,210,obligation|purpose,column_order,orders_and_detail,0.86,True,automatic_unverified_candidate,"Ese saranno della maniera Eustilos , che è la bel la , & elegante , in tal modo si compartiranno , se l ' aspetto si farà di quattro colonne , si diuiderà tutta la facciata del Tempio , ( lasciati fuoragli sporti delle base delle colonne , che saranno nelle cantonate ) in undeci partie meza ; & una di queste parti si chiamerà modulo , cioè misura , con la quale simifure ranno tutte le altre parti ; perche facendosi le colonne grosse un modulo ; quattro se ne daranno à quel le ; tre all ' intercolunnio di mezo ; e quattro e mezo à gli altridue intercolunnij , cioè due , & vn quarto per uno : se la fronte sarà di sei colonne , si partirà in deceotto : se di otto , in uentiquattro e meza ; & se di diece IBB ."
AC-B4-P210-04,4,,3,211,obligation|purpose,temple,building_type_and_composition,0.86,True,automatic_unverified_candidate,"Si diuide la langhezzi in quattro parti , e per otto di quelle si fa la langhezza del Tempio , & di queste , cinque si danno alla langhezzi della Cella , includendoui le mura , nelle quali sono le porte ; ele altre treriman gono all ' Antitempio ; il quale da i lati ha due lati di mura continuati alle mura della cella , nel fine de le quali si fanno due anti , cioè due pilastri grossi quanto le colonne del portico : e perche può esse , che tra quelle ale ui sia , e poco , e molto spatio : se sarà la larghezzi maggiore di uenti piedi , si douran no porre trai detri pilastri , due colonne , e più ancora secondo richiederà il bisogno , al dritto delle co lonne del portico ; l ' officio delle quali farà separare l ' Antitempio dal portico ; & queitre , ò più uani che saranno tra li pilastri si serreranno con tauole , ò parapetti di marmo : lasciandoui perô le apriture per le quali si possa e"
AC-B4-P210-05,4,,3,211,obligation|purpose,column_order,orders_and_detail,0.86,True,automatic_unverified_candidate,"ntrare nell ' Antitempio ; e se la largheaza sarà maggiore di piedi quaranta , biso gnerà porre altre colonne dalla parte di dentro all ' incontro di quelle , che saranno poste tra ipilastri , si faranno dell altezzi delle esteriori , ma alquanto più sottili ; perche l ' aere aperto leuerà della gros sezzi à quelle di fuori : & il rinchiuso non lascierà discernere la sottigliezza di quelle de dentro , eco si pareranno eguali :"
AC-B4-P210-06,4,,3,211,obligation|purpose,temple,building_type_and_composition,0.86,True,automatic_unverified_candidate,"E benche il detto compartimento riesca à punto ne i Tempij di quattro co lonne , non però uiene la medesima proportione ne gli altri aspetti , e maniere , perche bisogna che muri della cella scontrino con le colonne di fuori , & siano a una fila , onde le Celle di quei Tempij sa ranno alquanto maggiori di quello , che siè detto ."
AC-B4-P215-03,4,VII,15,216,obligation|purpose,temple,building_type_and_composition,0.86,True,automatic_unverified_candidate,"L ' aspetto del tempio è lo alato à forno , il quale di sopra habbiamo chiamato co ' Inome di Vitru uio Peripteros ; e perche la larghezzi della cella eccede uenti piedi , uisono poste le colonne tra le due anti , ò pilastri dell ' Antitempio rincontro à quelle del portico come è stato detto di sopra che si deue faire in simil caso :"
AC-B1-P020-14,1,XIIII,6,21,obligation|condition|purpose,column_order,orders_and_detail,0.8099999999999999,False,automatic_unverified_candidate,"Se fi faranno di quello or dine colonnati femplici ; fi potranno fare gli Ipatij molto grandi : perche gli Architraui fi fanno di le gno ^ però rielce molto commodo per l ’ ufo di Villa,per cagione de ’ Carri , & d ’ altri illrumenti rulti - hi, & è di picciola Ipefa :"
AC-B2-P117-05,2,XII,45,118,obligation|prohibition|purpose,roof,roof,0.8099999999999999,False,automatic_unverified_candidate,"Non fi deue fabricar nelle Valli chiufe fra i monti : percioche gli edificij [ trale Valli nafeodi,oltra che fono del ueder da lontano priuati , e dell ’ elfer ueduti , & fenza dignità , e maedà alcuna ; fono del tutto contrari ] alla finità : perche dalle pioggie,che ui concorrono fàtta pre gna la terra ; manda fuori uapori àgli ingegnila i corpi pediferi ; elfendo da quelli gli fpiriti inde - boliti,e macerate le congiunture, & i nerui : e ciò che ne ’ granari fi riporràper lo troppo humido cor - romperafsi ."
AC-B3-P173-03,3,XI,,174,obligation|condition|purpose,construction,construction,0.8099999999999999,False,automatic_unverified_candidate,"Le lor fondamenta fi faranno in quel tempo dell ’ anno , che Tacque fono più fecche , cioè nell ’ Autunno : & fe ’ l fundo del fiume farà di faffo , ò di tofo , ouero di fcaranto , ilquale ( co me ho detto nel primo Libro ) è una forte di terreno , che tiene in parte della pietra ; fi harranno le fondamenta fenza altra fatica di cauamento ; perche quelle tai forti di fondi fono buonisfimo fondamento per fellesfi ."
AC-B3-P183-03,3,XVI,3,184,obligation|condition|purpose,other,unclassified,0.8099999999999999,False,automatic_unverified_candidate,"Quelle piazze principali deono farli della grandezza che ricerche rà la moltitudine de ' cittadini , accioche non fiano piccioleal commodo , & all ’ ulòloro ; ouero per il poco numero delle perfone non paiano dishabitate ."
AC-B4-P205-04,4,,,206,obligation|condition|purpose,temple,building_type_and_composition,0.8099999999999999,False,automatic_unverified_candidate,"Ma se si fabricheranno Tempij fuori della Città , all ’ hora le frontiloro si faranno , che guardino sopra le strade publiche , ò sotra i fiumi , se expresso quelli si fabricherà : accioche i passaggieri possano uederli , e fare le lor salutationi , eri uerenze dinanzi la fronte del Tempio ."
AC-B1-P012-03,1,IIII,,13,recommendation|purpose,other,unclassified,0.74,True,automatic_unverified_candidate,"Formati deonfi leccare per molto tempo, & è meglio Pec cargli all ’ ombra , accioche non folamente nella fuperficie,ma ancho nelle parti di mezo,fianio egual mente lecchi : il che non fi fa in meno di due anni ."
AC-B1-P018-05,1,X,14,19,condition|purpose,construction,construction,0.74,True,automatic_unverified_candidate,"Pur quando fi volefte far vnafuperficie,ò faccia del muro di fopra al diritto d ’ vna di quello di fotto ; dourà ciò farli dalla pa | te di détro : perche le trauature de ’ pauiméti,i volti, & gli altri foftegni della fabrica nò lafceràno,che ’ l muro cafchi,ò fi muoua ."
AC-B1-P055-01,1,XIX,5,56,condition|purpose,construction,construction,0.74,True,automatic_unverified_candidate,"Maperche pare che gli antichi non habbiano hauuto quella auertenza di fare vn Piedeftilo d ’ vna grandezza più ad vn ’ ordine,che ad vn ’ altro , e nondi meno quello mèmbro accrefce molto di bellezza , & d ’ ornamento , quando egli è _ fatto con ragione , e conproportione all ’ altreparti ; accioche fe ne habbiaperfetta cognitione , e fe ne polfa l ’ Architetto feruire fecondo le occalioni ; è da faperli che elsi li fecero alcu na volta quadri,cioè tanto lunghi quanto larghi , come nell ’ Arco de ’ Lconiùn Verona : e quelli io ho dati all ’ ordine Dorico , perche fe li richiede la fodezza ."
AC-B1-P056-03,1,XXI,52,57,condition|purpose,other,unclassified,0.74,True,automatic_unverified_candidate,"Circa le proggetture ancora delle cornici, & altri ornamenti ; è non picciolo abufo il farli 1 che porgano molto in fuori : perciochc quando eccedono quello , eh e ragioneuolmente loro li con - uiene , oltra che fe fono in luogo chiulò ; lo fanno { fretto,e fgarbato ; mettono fpauento à quelli , che , ili ( fanno fotto : perche Tempre minacciano di cafcare ."
AC-B1-P064-08,1,XXVII,6,65,recommendation|purpose,circulation,circulation,0.74,True,automatic_unverified_candidate,"Tre aperture nelle Scale fi ricercano : la prima è la porta , per doue alla Scala fi monta : la quale quanto meno è nafeoftaà _ _ _ quelli ch ’ entrano nella cafa ; tanto più è da eifer lodata ; e molto mi piacerà Se farà in luogo,oue auanti che fi peruenga ; fi uegga la più bella parte della cafa : perche ancor che picciola cafa fulfe ; parerà molto grande : ma che però fia manifefta,e facile da trouarfi ."
AC-B1-P065-04,1,,1,66,condition|purpose,circulation,circulation,0.74,True,automatic_unverified_candidate,"Oiferuaro . no gli Antichi di far i gradi dilpari : affine che cominciandoli à falire co ’ l deliro piede , col medefimo fi nnilfe : ilche pigliauano à buono augurio, & à maggior religione , quando entrauano ne ’ Tempij ."
AC-B1-P071-04,1,XXIX,7,72,condition|purpose,room_proportion,space_organization_and_proportion,0.74,True,automatic_unverified_candidate,"Però lì partirà la lar ghezza del luogo da coprirli in noue parti,e di due lì farà l ’ altezza del colmo : perche sella lì farà per il quarto della larghezza ; la coperta farà troppo ratta : onde le tegole,ouer coppi ui lì fermeranno con diffìcultà : e fe lì farà per il quinto ; farà troppo piana , onde i coppi , le tauole , e le neui , quando uen - gono ; aggreueranno molto ."
AC-B2-P117-01,2,XII,45,118,recommendation|purpose,opening,openings_and_light,0.74,True,automatic_unverified_candidate,"Primieramente adunque eleggerafsiluogo quantofiapofsibile commodo al le polfelsioni , e nel mezo di quelle : accioche il padrone fenza molta fatica polfa { coprire , e meglio rare ifuoi luoghi d ’ intorno , e i frutti di quelli pollano acconciamente alla cafa dominicale elfer dal lauoratore portati ."
AC-B3-P160-09,3,VI,,161,condition|purpose,other,unclassified,0.74,True,automatic_unverified_candidate,"Deuono elfer le ftrade alquanto concaue nel mezo, & pendenti : accioche Tacque,che dalle cafe piouono,corrono tutte in uno , & habbiano li bero , & elpedito il lor corfo , onde lalcino la ftrada netta , ne fiano cagione di cattiuo aere , come fono quando fi affermano in alcun luogo , e ui fi putrefanno ."
AC-B3-P190-04,3,XIX,58,191,condition|purpose,circulation,circulation,0.74,True,automatic_unverified_candidate,"Io non hò fatto portico nella parte rin contro alla entrata , perche parmi che ui llia molto bene un Nicchio grande , fatto di portion di cerchio minore del mezo circolo , nelquale fia il tribunale del Pretore,ouero de i Giudici , fe fa ranno molti , & ui fi afeenda per gradi acciò habbia maggior maeflà , e grandezza : non nego pe - j rò che non fi pollano far anco i portichi tutto intorno ; come ho fatto nelle Bafiliche figurate ne * - i difegni delle piazze ."
AC-B4-P207-01,4,III,,208,condition|purpose,circulation,circulation,0.74,True,automatic_unverified_candidate,"QVARTO . se , che sono fatte in forma di Croce , lequali nella parte , che sarebbe il piede della Croce han no l ' entrata ; & all ' incontro l ' altar maggiore , & il Choro ; & nelli due rami , che si estendo no dall ' uno , & l ' altro lato , come braccia ; due altre entrate , ouero due altri altari ; perche essendo figurate con la forma della Croce rappresentano à gliocchi de riguardanti quel le gno , dal quale stete pendente lasalute nostra ."
AC-B4-P207-06,4,III,,208,recommendation|purpose,other,unclassified,0.74,True,automatic_unverified_candidate,"Sette sonolpiù regolati , e meglio intesi Aspetti dei Tem pij , de quali mi è paruto come necessario , il por qui quel tanto , che ne di ce Vitruuio al capo primo del primo Libro ; acciòche questa parte , laquale per la poca osseruanza delle Antichità , è stata da molti riputata difficile , & da pochi fin ' hora ben intesa ; si renda facile , e chiara per quello che io ne diro & peri disegni , che seguiranno , iquali saranno essempio di quanto egli ci insegna ; & ho uolu to usare ancho i nomi de quali egli si serue , accioche coloro , che si porranno alla lettura di esso Vitruuio ; allaquale esorto ciascuno ; riconoscano in quello i medesimi nomi , e non paia loro di legger cose diuerse ."
AC-B1-P010-03,1,I,6,11,obligation,construction,construction,0.69,True,automatic_unverified_candidate,"Sarà quella prima parte in due libri diui - là : nel primo fi tratterà della preparatione della materia , e preparata , come , & in che forma fi debba mettere in opera dalle fondamenta fino al coperto : oue faranno quei precetti , che vniuerfali fono , & * fi deono offeruare in tutti gli edifici ] coli publici , come priuati ."
AC-B1-P011-07,1,II,7,12,obligation,other,unclassified,0.69,True,automatic_unverified_candidate,"Si deono tagliare folamente fino al mezo della midolla , e coli lafciarli fin che fi lecchino : percioche llillando ; vlcirà fuori queU ’ humore,che farà atto alla putrefat tone ."
AC-B1-P012-10,1,IIII,,13,obligation,construction,construction,0.69,True,automatic_unverified_candidate,"Cotta fi deue bagnare , e non infondere in vna volta tutta l ' acqua , ma in più fiate,continuatamente però accio che non fi abbruci , fin ch ’ ella fia bene ftemperata ."
AC-B1-P012-12,1,IIII,,13,obligation,material,materials,0.69,True,automatic_unverified_candidate,"Per far la malta fi deue in quello mod o con la fabbia melcolare ; he pigliandoli arena di caua ; fi pongano tre parti di elfa , & vna di calce : le di fiume , ò di mare ; due iartidiarena, & vna dicalce ."
AC-B1-P014-09,1,VII,,15,obligation,room_proportion,space_organization_and_proportion,0.69,True,automatic_unverified_candidate,"Ma fe ’ l terreno farà molle,e profonderà molto,come nelle paludi ; all ’ hora fi faranno le palificate : i pa li delle quali faranno lunghi perla ottaua parte dell ' altezza del muro,e grofsi per la duodecima parte della loro lunghezza ."
AC-B1-P015-03,1,VILI,,16,obligation,construction,construction,0.69,True,automatic_unverified_candidate,"Si fanno le fondamenta à scarpa , cioè che tanto più decrescano , quanto più s ’ inalzano ; in mo do però , che tanto da una parte sia lasciato , quanto dall ' altra , onde il mezo di quel di sopra caschi à piombo al mezo di quel di sotto : il che si deue osservare ancho nelle diminutioni de ' muri sopra terra : percioche in questo modo la fabrica viene ad bavere molto maggior fortezza,che facendosi le dimi nutioni altramente ."
AC-B1-P015-09,1,VILI,,16,obligation,construction,construction,0.69,True,automatic_unverified_candidate,"B , Corsi di quadrello che legano tutto il muro . C , Opera reticolata . D , Corsi de i quadrelli perla grossezza del muro . E , Parte di mezo del muro fatta de cementi . I muri di pietra cotta nelle muraglie delle Città , ò in altri molto grandi edificij si debbono fare , che nella parte di dentro , & in quella di fuori siano di quadrello , e nel mezo pieni di cementi insieme co l copo pesto i e che ogni tre piedi di altezza vi siano tre corsi di quadrelli maggiori de gli altri , che piglino"
AC-B1-P016-05,1,,1,17,obligation,construction,construction,0.69,True,automatic_unverified_candidate,"I muri di cementi fi faranno , che ogni due piedi al meno vi fiano tre corfi di pietra cotta , e fiano le pietre cotte ordinate al modo detto di fopra ."
AC-B1-P018-06,1,X,14,19,obligation,other,unclassified,0.69,True,automatic_unverified_candidate,"Gli angoli,per che participano di due lati,e fono per tenerli diritti,e cógiunti inficine deono effere fermifsimi , e con lunghe,e dure pietre come braccia tenuti ."
AC-B1-P019-03,1,XII,1,20,obligation,column_order,orders_and_detail,0.69,True,automatic_unverified_candidate,Cap . XIII . E COLONNE di ciafcun ’ ordine fi deono formare in modo che la parte di l ' opra fia più fiottile di quella di fiot to ^ nel mezo habbiano alquanto di gonfiezza .
AC-B1-P019-04,1,XII,1,20,obligation,vertical_dimension,vertical_dimensioning,0.69,True,automatic_unverified_candidate,"Nelle di - minutioni s ’ olferua,che quàto le colonne fono più lùghe , tanto fneno diminuifcono,elfendo che l ’ altezza da fe fac cia l ’ effetto del diminuire per la dillanza : però fe la colon na Tara alta lino àquindeci piedi ; fi diuiderà la groffezza da ballo in fci parti fa ’ ^ e meza,e di v . e meza fi farà la groffezza di fopra :"
AC-B1-P020-13,1,XIIII,6,21,obligation,column_order,orders_and_detail,0.69,True,automatic_unverified_candidate,"Le colonne có bafa,ecapitello deono elfer lunghe fette moduli,e fi raltremano di fopra la quarta parte dellaloro grolfezza ."
AC-B1-P023-02,1,,,24,obligation,column_order,orders_and_detail,0.69,True,automatic_unverified_candidate,"Ipiedeftili , che fi faranno fiotto le colonne di quell ’ ordine ; faranno alti Vn modulo , e fi faranno Ichietti ."
AC-B1-P026-03,1,,,27,obligation,column_order,orders_and_detail,0.69,True,automatic_unverified_candidate,"Male fi appoggieranno à i pilaftri ; fi faranno con bafa , e capitello lunghe dicefette modu - li , & vn terzo ; & è daauertire , che ( comeho detto di fopraalcap . xiij . ) il modulo in queft ’ ordine iolo è mezo il diametro della colonna diuifo ih minuti trenta, & in tutti gli altri ordini è il diametro intiero diuifo in minuti felfanta ."
AC-B1-P026-05,1,,,27,obligation,vertical_dimension,vertical_dimensioning,0.69,True,automatic_unverified_candidate,"L ’ altezza è per la metà del diametro della colonna , e fi diuide in tre parti vguali : vna fi dà al Plinto ò Zocco : l ’ altre due fi diuidono in quattro parti,e d ’ vna fi fa il baffone di fopra : l ’ altre , che reftano fi par tifeono in due , & vna fi dà al baffone di fotto : l ’ altra al Cauetto co ’ fuoi liftelli : percioche fi partirà in fei parti : d ’ una fi farà il liftello di fopra : d ’ un ’ altra quel di fotto : e quattro refteranno al cauetto ."
AC-B1-P026-06,1,,,27,obligation,column_order,orders_and_detail,0.69,True,automatic_unverified_candidate,"Ma fe la baia e par te della colonna faranno di un pezzo ; fi farà la Cimbia fottile , come fi uede nel terzo difegno di que - ft ’ crdinc , oue fono ancho dùe maniere d ’ impofte de gli Archi ."
AC-B1-P035-01,1,,,36,obligation,room_proportion,space_organization_and_proportion,0.69,True,automatic_unverified_candidate,"P R I M O , Se alle colonne Ioniche fi porrà Piedeftilo , come nel difegno de gli Archi ; egli fi farà alto , quan to farà la metà della larghezza della luce dell ’ Arco , e fi diuiderà in parti fette e meza , di due fi farà la Bafa , d ’ vna laCimacia , e quattro , e mezarefteranno al Dado , cioè piano di mezo ."
AC-B1-P035-02,1,,,36,obligation,other,unclassified,0.69,True,automatic_unverified_candidate,"Labafa dell ’ or dine Ionico è grolla mezo modulo , e fi diuide in tre parti : vna fi dà al Zocco , il fuo fporto è la quar ta , & ottaua parte del modulo,l ’ altre due fi diuidono in fette : di tre fi failbadone , l ' al tre quattro di nuouo lì diuidono in due , & vna fi dà al cauetto di fopra , e l ’ altra à quello di lotto : il quale douerà ha uere più ( porto dell ’ altro ."
AC-B1-P037-02,1,I,33,38,obligation,other,unclassified,0.69,True,automatic_unverified_candidate,"Nell ’ occhio poi fi forma vn quadrato , la cui grandezza è il femidiamctro di detto occhio , e tirate le linee . diagonali ; in quelle fi fanno i punti , otte deue efier melfo nel far la V oluta il piede immobile del compalfo : e fono , computatoui il centro dell ’ occhio , tredici centri : e di quelli l ’ ordine che fi deue tenere 5 appare per li numeri polli nel dileguo ."
AC-B1-P044-01,1,,,45,obligation,vertical_dimension,vertical_dimensioning,0.69,True,automatic_unverified_candidate,"LIBRO Sotto le colonne Corinthie fi farà il piedeftilo alto il quarto dell ’ altezza della colonna ; e fi diuide rà in otto parti : vna fi darà alla Cimacia,due alla Tua bafa,e cinque refteranno al Dado ."
AC-B1-P046-02,1,,42,47,obligation,other,unclassified,0.69,True,automatic_unverified_candidate,"La prima fi dà alla prima foglia , la fecon da alla feconda , e la terza di nuouo fi diuide in due , e della parte profsima all ’ Abaco fi fanno i cauli coli con le foglie , che par che gli foftentino : dalle quali efsi nafcono : e però il furto d ’ onde efcono ; fi faragrolfoj & efsi nei loro auolgimenti fi andarannoà poco à poco alfottigliando , e piglieremo in ciò l ’ eflfempio dalle piante ; le quali fo no più grolfe doue nafcono , che doue finifcono ."
AC-B1-P048-02,1,XVIII,44,49,obligation,column_order,orders_and_detail,0.69,True,automatic_unverified_candidate,"Le colonne deono elfer lunghe dieci moduli . Nel dife - gno del colonnato femplice , gli intercolunnij lono dVn diametro e mezo , e quella maniera è dimandata da VitruuioPicnoflilos ."
AC-B1-P056-09,1,XXI,52,57,obligation,construction,construction,0.69,True,automatic_unverified_candidate,"Perciochc fe da vna parte fi faranno le Itanze grandi,e dall ’ altra picciole ; quella farà più atta à refillere al pefo per la fpelfezza de i muri , e quellapiù debole : onde ne nafeeranno co ’ l tempo grandifsimi inconucnicn - ti à ruina di tutta l ’ opera ."
AC-B1-P056-10,1,XXI,52,57,obligation,room_proportion,space_organization_and_proportion,0.69,True,automatic_unverified_candidate,"Le più belle e proportionate maniere di llanze,e che riefeono meglio fo no fette : percioche ò fi faranno ritonde , e quelle di rado : ò quadrate ; ò la lunghezza loro farà per la linea diagonale del quadrato della larghezza ; òd ’ vn quadro & vn terzo ; ò d ’ vn quadro a mezo ; ò d ’ vn quadro , c due terzi ; ò di due quadri ."
AC-B1-P058-06,1,XXIIII,,59,obligation,other,unclassified,0.69,True,automatic_unverified_candidate,I volti tondi fi fanno nelle Itàze in quadro : & il modo di farli è tale .
AC-B1-P059-05,1,XXV,55,60,obligation,opening,openings_and_light,0.69,True,automatic_unverified_candidate,"Si deue auertire nel far le fineftre,che nè più nè meno di luce piglino,nè liano più rare,ò Ipcfle di quello , che ’ l bilògno ricer - & 1 chi ."
AC-B1-P059-11,1,XXV,55,60,obligation,room_proportion,space_organization_and_proportion,0.69,True,automatic_unverified_candidate,"Le fineftre di fopra,cioè quelle d el fecondo ordine deono olière la feda parte minori della lunghezza della luce di quelle di fotto , e fe altre fine - ftrepiùdifbprafifarannofimilmenteperlafeftapartcfideono diminuire ."
AC-B1-P065-01,1,,1,66,obligation,room_proportion,space_organization_and_proportion,0.69,True,automatic_unverified_candidate,Però fi farà la lunghezza loro il doppio più dell ’ altezza .
AC-B1-P065-06,1,,1,66,obligation,construction,construction,0.69,True,automatic_unverified_candidate,"Le Scale , òli tan - ' no diritte , ò à Lumaca . Le diritte , ò fi fanno diftefe in due rami , òquadrate : le quali volta no in quattro rami ."
AC-B1-P071-05,1,XXIX,7,72,obligation,construction,construction,0.69,True,automatic_unverified_candidate,"Quelle deono hauere fopra di fe vn pie de e mezo di muro : il quale oltra il tenerle falde difenderàil legname del coperto dall ’ acqua , fe elfo in qualche parte facelfero danno ."
AC-B2-P135-01,2,,63,136,obligation,other,unclassified,0.69,True,automatic_unverified_candidate,"E ' quello luogo celebre per i preciofi uini , che ui fi fanno , e per li frutti che ui vengono,e molto più perla cortefia del padrone . £ 30 O a 0 OM i 0 IP 19 wmm 1 DISEGNI"
AC-B3-P160-02,3,VI,,161,obligation,room_proportion,space_organization_and_proportion,0.69,True,automatic_unverified_candidate,"Nondimeno in tal cafo per maggior ornamento , e commodo della Città fi deue far la ftra da più frequentata dalle principali arti , & da palfaggieri foreftieri , larga , & ornata di magnifi che , e fuperbe fabriche , conciofiache i foreftieri,che per quella palieranno , fi daranno facilmen te à credere , che alla larghezza , & bellezza fua corrilpondino anco le altre ftrade della Città ."
AC-B3-P168-01,3,VILI,5,169,obligation,urban_public,urban_and_public_architecture,0.69,True,automatic_unverified_candidate,"H , E ' la Pianta del Ponte . I , Sono le traui che fanno la larghezza , & auanzano oltra le Iponde,prelfo allequali fi fanno i buchi per gli arpefi . k , S ono i trauicelli , che fanno la uia del Ponte ."
AC-B3-P170-02,3,I,3,171,obligation,room_proportion,space_organization_and_proportion,0.69,True,automatic_unverified_candidate,"La altezza del pon te , nella qual fono gli armamenti , o uogliam dir le braccia , che uanno da un colonnello all ' altro ; fi farà per la undecima parte della larghezza del fiume ."
AC-B3-P172-02,3,X,1,173,obligation,opening,openings_and_light,0.69,True,automatic_unverified_candidate,"In quefti , quattro par . . ti fi deuono confiderare , cioè , i capi , che nelle ripe fi fanno : i pilaftri , che nel fiume fi fondano : gli archi , che fono foftentati da detti pilaftri : & il Pauimento,ilqual fifa fo - pra gli archi . 1 capi de ’ ponti deuono farfi fermisfimi , c fodi ; conciofiache non folo feiuino à lo { tener il carico de gli archi , come gli altri pilaftri , ma di più tenghino unito tutto il Porte , e non lafciano che gli archi fi aprano : e però fi faranno oue le ripe fiano di pietra , onero almeno di tcrren"
AC-B3-P183-01,3,XVI,3,184,obligation,other,unclassified,0.69,True,automatic_unverified_candidate,"TERZO . 3 * DELLE PIAZZE , E DE GLI EDIFICI I , che intorno à quelle fi fanno ."
AC-B3-P183-05,3,XVI,3,184,obligation,room_proportion,space_organization_and_proportion,0.69,True,automatic_unverified_candidate,"Si ordineranno , come fecerogli Antichi ; intorno alle piaz ze i portichi larghi quanto faràla lunghezza delle lor colonne ; l ’ ufo de quali è per fuggir le piog gie , le neui, & ogni noia della grauezzadeH ’ aere , e del Sole : ma tutti gli edificij,che intorno alla piazza fi fanno ; non deuono elfere ( lecondol ’ Alberti ) più alti della terza parte della larghez za della piazza , ne meno della fella : & ài Portichi 11 falirà per gradi , iquali fi faranno alti per la quinta parte della lunghezza delle colonne ."
AC-B3-P183-09,3,XVI,3,184,obligation,room_proportion,space_organization_and_proportion,0.69,True,automatic_unverified_candidate,"Qu ella deue farli di quella grandezza , che parrà richieder la dignità , e moltitudine de ’ cittadini ; e sella farà qua drata , quanto hauerà di larghezza aggiognendoui la metà , fi farà l ’ altezza ."
AC-B3-P190-01,3,XIX,58,191,obligation,other,unclassified,0.69,True,automatic_unverified_candidate,"Deono farli congionte allapiaz za , come fu olferuato nelle fopradette , ch ’ erano tutte due nel Foro Romano ; e riuolte alla più j calda regione del Cielo : acciochci negociatori, & ilitigantialtempodeluernofenza moleflia \ de ’ cattiui tempi polfano à quelle trasferirli, & dimorami commodamente ."
AC-B4-P206-04,4,II,,207,obligation,temple,building_type_and_composition,0.69,True,automatic_unverified_candidate,"Ne ' Tempij , che ri tondi non sono , si deue osseruare diligentemente ; che tutti gli angoli siano uguali , sia il Tempio di quattro , òdi sei , ôdi più angoli , e lati ."
AC-B4-P208-02,4,IIII,,209,obligation,column_order,orders_and_detail,0.69,True,automatic_unverified_candidate,"Ma quelli , che si fanno coni portici intorno , possono farsi di quattro aspetti , percioche ò si fanno con sei colonne nella facciata dauanti , & in quella di dietro ; & con un dici colonne ne lati , computandoui le angulari , e questo Aspetto si chiama Peripteros , cioè Alato à forno : e uengono i portici intorno la Cella a esser larghi quanto un ' intercolunnio ."
AC-B4-P209-12,4,V,,210,obligation,column_order,orders_and_detail,0.69,True,automatic_unverified_candidate,"Di quelli d ' hannole ale à torno leragioni sono queste ; prima à torno à torno si fanno due gradi , e sopra si pongono i piedestili , sopralisono le colonne ; le ale sono larghe per la quinta parte del diametro del Tempio ; pigliando il diametronella parte di dentro dei piede stili ."
AC-B4-P223-03,4,VIII,23,224,obligation,other,unclassified,0.69,True,automatic_unverified_candidate,"Le lingue del ca pitello sono intagliate à foglie di oliuo , e sono queste foglie ordinate à cinque , à cinques come sono le dita nelle mani de gli huomini : & cosi ho osseruato , che sono fatti tutti capitelli antichi di questa sor te , e riescono meglio , & con piu gratia di quelli , ne i quali si fanno le dette foglie à quattro à quartro ."
AC-B4-P261-02,4,XVI,53,262,obligation,site_orientation,site_and_orientation,0.69,True,automatic_unverified_candidate,"Le colonne sono di porfido , & di ordine Composito . La basa è composta dell ' Attica , & della lonica , ha i due bastoni dellÙ Attica , idue Cauetti della lonica : ma in uece di due Astragali , ò Tondini , che si fanno trai Cauetti nella I nica , questane ha un solo , il quale occupa quello specio , che occuperebbono tutti due ."
AC-B1-P010-01,1,I,6,11,obligation|purpose,site_orientation,site_and_orientation,0.64,False,automatic_unverified_candidate,"Ma per ritornare al propofito noltro ; douendo io dare in luce quelle fatiche,che dalla mia gio - ìanezza infino à qui ; ho fatte nell ’ inueftigare , & nel mifurar có tutta quella diligéza,c ’ ho potuto mag ; ,fiore,quel tanto de gli antichi edificij,che è peruenuto à notitia mia , & có quella occafione fiotto bre aita trattare dell ’ Architettura più ordinatamente, & diftintamente,che mi fulfe pofsibile ; ho penfato elfier molto cóueneuole cominciare dalle cafie d e ’ Particolari : fi perche fi deue credere , che quelle à i publici edifìci ] ’ le ragioni fiomminiflraffiero , effiendo molto verifimile , che innanzi , l ’ huomo da per fie habitalfie, & dopo vedédo hauer meftieri dell ’ aiuto de gli altri huomini,à cófieguir quelle cole , che lo polfiono render felice ( fie felicità alcuna fi ritroua quà giù ) la compagnia de gli altri huomini natural - méte defìderaffie , & amalfejonde di molte cafie fi fiaceffiero li Borghi,e di molti ^ orghi poi le Città, & in quelle i luoghi, & gli edifici ] publichi : fi ancho,perche tra tutte le parti dell ’ Archittetura ; niuna è ? ] ) iùneceirariaàglihuomini,nèchepiùfpeirofiapraticatadiquefla ."
AC-B1-P010-05,1,I,6,11,obligation|purpose,other,unclassified,0.64,False,automatic_unverified_candidate,"Et perche in quella , parte noi habbiamo pochissimi eficmpi antichi , de ’ quali cenepolsiamoleruire ; io porròlepiante,i5c ! gli impiedi di molte fabriche da me per diuerfi Gentil ’ huomini ordinate : & i difiegni delle cafie de gli j Antichi, & di quelle parti , che in loro più notabili fono , nel modo , che ci infegna V itruuio , che coll \ efsifaceuano . i OVALI COSE DEONO CONSIDERARSI , auanti che al fabricar fi peruenga ."
AC-B1-P011-04,1,II,7,12,obligation|purpose,other,unclassified,0.64,False,automatic_unverified_candidate,"Ma perche oltra la quantità,fi deue ancho hauer confi deratione alla qualità,e bontà della materia ; ad elegger la migliore ; ci giouerà molto la elperienza pigliatadallefabrichefattedagli altri . - perche da quelle auifati ; potremo facilmente determinare ciò che a ’ Infogni noftri fia acconcio, & elpediente ."
AC-B1-P011-06,1,II,7,12,obligation|purpose,other,unclassified,0.64,False,automatic_unverified_candidate,"II . LEGNAMI ( come ha Vitruuio al cap . ix . del ij . lib . ) fi deono tagliare l ’ Autun no , e per tutto il Verno ; percioche allhora gli alberi ricuperano dalle radici quel vi gore , e lòdezza , che nella Primauera , e nella Ellate per le frondi,e per li frutti era lpaifu : e fi taglieranno mancando laLuna ; perche quell ' humore,che à corrompe re i legni è attifsimo ; à quel tempo è confumato : onde non vengono poi da tigno - _ le,ò da tarli offefi ."
AC-B1-P011-08,1,II,7,12,obligation|purpose,roof,roof,0.64,False,automatic_unverified_candidate,"Tagliati ; fi riporranno in luogo,oue non vengano caldifsimi Soli,nè impetuofi venti,nè piog - gie : e quelli mafsimamente deono elfere tenuti al coperto , che da fe llefsi nalcono : & accioche non fi fendano, & egualméte fi lecchino ; ! ! vngeranno di fterco di bue ."
AC-B1-P011-10,1,II,7,12,obligation|condition,construction,construction,0.64,False,automatic_unverified_candidate,"Quelle delle quali fi fanno i muri,ò fono marmi,e pietre dure,che fi dicono ancho pietre viue ; ouero lo no pietre molli , e tenere ."
AC-B1-P013-06,1,,9,14,obligation|purpose,other,unclassified,0.64,False,automatic_unverified_candidate,"Si fanno ancho chiodi & arpefi di ferro,ma efsi li fecero per lo più di rame , perche meno dal tempo può elfere confumato , ef fondo ch ’ egli non rugginifoa ."
AC-B1-P014-06,1,VII,,15,obligation|condition,material,materials,0.64,False,automatic_unverified_candidate,"E fe fi fabricherà ne ’ fiumi ; l ’ arena,e la ghiara faranno del tutto inutili : percioche l ’ acqua co ’ l continouo fuo corfo,e con le piene varia continouamente il fuo letto : però fi cauerà fin eh e lì ritroui il fondo fodo,e fermo : ouero , fe ciò fuffo difficile ; fi cauerà alquanto nell ’ arena, & ghiara,e poi fi faranno le palificate , che arriuino con le punte de ’ pali di rouere nel buono,e fodo terreno,e fopra quelle fi fabrichera ."
AC-B1-P014-08,1,VII,,15,obligation|prohibition,other,unclassified,0.64,False,automatic_unverified_candidate,"Non fi deue fondare fopra mina , fo prima non fi faprà , come ella fia fufficiente a follenere l ’ edificio , e quanto profondi ."
AC-B1-P014-10,1,VII,,15,obligation|purpose,other,unclassified,0.64,False,automatic_unverified_candidate,"Si deono ficcare i pali fi fpefsi,che fra quelli non ve ne polfano entrar de gli al tri : & deono elfer battuti con colpipiù toflo fpefsi,che graui , accioche meglio venga à confolidarfì il terreno,e fermarli ."
AC-B1-P019-01,1,XII,1,20,obligation|purpose,other,unclassified,0.64,False,automatic_unverified_candidate,"Quelli fi deono coli nelle fabriche di ( porre,che ’ l più fodo fia nella parte più balla : perche Tara molto più atto à foltentare il carico , e la fabrica venirà ad hauere balamen _ to più fermo : onde Tempre il Dorico fi porrà fiotto il Ioni co : il Ionico fiotto il Corinthio ; & il Corinthio fiotto il Compofito ."
AC-B1-P064-09,1,XXVII,6,65,obligation|purpose,opening,openings_and_light,0.64,False,automatic_unverified_candidate,"La Seconda apertura è le fineftre,che à dar luce à i gradi Sono bifogneuoli ; e deono effere nel mczo, & alte : accioche vguai menteil lume per tutto fi Spanda ."
AC-B2-P075-04,2,,3,76,obligation|purpose,other,unclassified,0.64,False,automatic_unverified_candidate,"A ’ Caulìdici, & Auocati fi douerà medefimamentefabricare , che nelle lorcafe ui fiano luoghi belli da palleggiare , & adorni : accioche i clienti ui dimorino fenza loro noia ."
AC-B2-P118-03,2,,,119,obligation|purpose,other,unclassified,0.64,False,automatic_unverified_candidate,"Le Ralle per gli animali da lauoro , come buoi , e caualli deono elfer dilcofte dall ’ habitatione del Padrone , accioche da quella fiano lontani i letami : e li por ranno in luoghi molto caldi,e chiari ."
AC-B2-P118-04,2,,,119,obligation|condition,site_orientation,site_and_orientation,0.64,False,automatic_unverified_candidate,"Le Cantine lì deono fare fottoterra,rinchiufe , lonta ne da ogni llrepito,e da ogni humore,e fettorc,e deono hauere il lume da Leuante,ouero da Setten trione : percioche hauendolo da altra parte , oue il Sole pólla fcaldare ; i uini , che ui fi porranno dal calore rifoaldati - , diuenteranno deboli , eli guaderanno ."
AC-B2-P118-07,2,,,119,obligation|purpose,material,materials,0.64,False,automatic_unverified_candidate,"I Granari deono hauere il lume uerfo Tramontana : perche à queRo modo i grani non potranno coli predo rifcaldarlì : ma dal ucnto raffreddati ^ lungamente lì conferueranno , e non ui nafeeranno quegli animaletti , che ui fanno grandilsimo nocumento . llfuolo,òpauimento loro deue elfere di tcrrazzato,potendolìhauere,òalmenoditauole : percheperiltoccardella calce il grano fi guada ."
AC-B3-P157-04,3,,,158,obligation|purpose,other,unclassified,0.64,False,automatic_unverified_candidate,"Ma perche non bafta che le Regioni , e le Città fiano benisfimo compartite , e con fantisfime leggi ordinate , & habbiamo i magiftrati , che delle leggi efecutori tengano à freno i Cittadini ; fe non fi fanno anco gli huomini prudenti con le dot trine , e forti , e gagliardi con l ’ efercitio del corpo ; per poter efler poi atti à gouernar fe med efimi , egli altri ;"
AC-B3-P163-04,3,IIII,,164,obligation|condition,other,unclassified,0.64,False,automatic_unverified_candidate,"Saranno belli , & per du rar lungamente : fe fi faranno in quei modi , e con quelle mifure , che fi dirà particolarmen te più di fiotto ."
AC-B3-P163-07,3,IIII,,164,obligation|condition,construction,construction,0.64,False,automatic_unverified_candidate,"Ma quandotutto il letto del fiume folfe di ghiara , e di fabbia , fi faranno le fondamenta come fi di ra di fiotto quando tratterò de ’ pontidi pietra ."
AC-B3-P163-10,3,IIII,,164,obligation|condition,other,unclassified,0.64,False,automatic_unverified_candidate,"Cap . V . I fanno i Ponti di legno , ouero per una occafion fola , come quelli , che fi fanno per tutti quelli accidenti , che nelle guerre lògliono allenire : della qùal for te celebratisfimo è quello , che ordinò IulioCelare foprail Rheno ."
AC-B3-P173-04,3,XI,,174,obligation|condition,other,unclassified,0.64,False,automatic_unverified_candidate,"Ma fe ’ l fondo del fiume farà ghiara , ouero fibbia , fi cauerà tanto in quello,che fi troui il fodo terreno ; e quando ciò folTe difficile,fi cauerà alquanto nell ’ arcna,ouer nella ghiara , e poi ui fi faranno le palificate di pali di rouere,iquali con le punte di ferro , chèa lor fi faranno,giongano neifondo fodo , e fermo ."
AC-B3-P173-05,3,XI,,174,obligation|purpose,other,unclassified,0.64,False,automatic_unverified_candidate,"Per fondare i pilallri fi deue chiudere una par te del fiume fidamente , & in quella fabricare,accioche per l ’ altra parte lafiiata aperta Timpeto dell ’ acqua habbia il fuo corfo ; e cofi andar facendo di parte in parte ."
AC-B3-P183-06,3,XVI,3,184,obligation|purpose,urban_public,urban_and_public_architecture,0.64,False,automatic_unverified_candidate,"Grandisfimo ornamento danno alle piazze gli ar chi , che fi fanno in capo delle firade , cioè nell ’ entrare in piazza , iquali , come fi debbono fare , & perche anticamente fi faeelfero , e d ’ onde fi chiamalfcro trionfali fi dirà diffufamente nel mio Libro de gli archi , e fi porranno i difegni di molti ronde fi darà grandisfimo lume à quelli , che uolellèroà noltritempi,eperrauenire drizzar gli archi a Principi , a Re , & a Imperatori ."
AC-B4-P205-01,4,,,206,obligation|purpose,temple,building_type_and_composition,0.64,False,automatic_unverified_candidate,"Primo . TEMPII . A TOSCANA funon solo la prima àriceuere come forestiera l ' Architet tura in Italia , onde l ' ordine , che Toscano si chiama , hebbe le sue misure ; ma ancho quanto alle cose degli Dei , che la maggior parte del Mondo , in cieco errore uersando , adoraua ; fu maestra de ' Popoli circonuicini , e dimostrò qual sorte di Tempij , & in qual luürgo , & con quali ornamenti secondo la qualità de gli Dij , si douessero edi ficare : lequali osseruationi , tutto che in molti Tem pij si ueda , che non si sono hauute in consideratione ; io nondimeno racconterò breuemente , si come ci sono state dalli strittori lasciate ; accioche coloro , che delle Antichità si dilettano ; riman gano in questa parte sodis fatti ; & accioche si suegli , & infiammi l ' animo di ciascuno a porre ogni conueneuol cura nell ' edificar le Chiese : perciò che è molto brutta , & biasimeuol cosa , che noi , iquali il uero Culto habbiamo ; siamo superati in ciò da coloro , che nessum lume haueano della ue rità Et perche iluoghi , ne ' qualis hanno da porre i sacri Tempij , sono la prima cosa , che si deue con siderare , io ne parlerò in questoprimo capo ."
AC-B4-P205-03,4,,,206,obligation|purpose,temple,building_type_and_composition,0.64,False,automatic_unverified_candidate,"Si faranno le fronti de Tempij , che guardino sopra grandissima parte della Città ; accioche paia la Religione esse : po sta come per custode , & protetrice de ' Cittadini ."
AC-B4-P208-05,4,IIII,,209,obligation|condition,column_order,orders_and_detail,0.64,False,automatic_unverified_candidate,"Ouero finalmente si fanno , che nell ' una , & l ' al tra facciata ui siano diece colonne , & i portici intorno doppij , come in quelli , c hanno l ' aspet to Dipteros ."
AC-B1-P010-02,1,I,6,11,purpose,other,unclassified,0.57,True,automatic_unverified_candidate,"E perche di me . hm . ' Hello non poffio prometter altro,che vnalunga fatica,e gran diligenza, & amore,ch ’ io ho pollo per in - : • fi ' 4 * , ten d cr G & : praticare quanto prometto ; egli faràpaciutoà Dio , ch ’ io nóm ’ habbia affaticato in dar - ; "" } , no ; ne ringratierò la bontà fiua con tutto lì cuore ; rellando apprelfio molto obligato à quelli,che dalle ì k titW - loro belle inuentioni, & dalle efiperienze fatte,ne hanno lafciato i precetti di tal ’ arte ; percioche han - c no aperta più facile, & efpedita firada alla inuefligatione di co fie nuoue,e di molte ( mercè loro ) hab - biamo cognitione che ne fiarebbono perauentura nafcolle ."
AC-B1-P011-02,1,II,7,12,purpose,opening,openings_and_light,0.57,True,automatic_unverified_candidate,"E però eletti i più periti artefici , che fi polfano hauere,accioche ottimamen te l ’ opera fia dirizzata,fecóndo il loro configlio ; fiprouederà di legnami,di pietre,d ’ arena , dicalce,e di metalli : circa lequali prouifioni fi haueranno alcune auertéze,come che per fare le trauamenta de ’ fiolari delle Sale,e delle ftanze,di tante traui fi proueda,che ponendole tutte in opera ; reiti fra l ’ vna , e raltralolpatiodivna * * t : olfezza,emezaditraue : medefimamentecircale pietre ; fi auertirà , che per fare le erte delle porte,e delle feneftre ; non fi ricercano pietre più grolle della quinta parte dellalar - ghezza della luce,nè meno della fella ."
AC-B1-P011-13,1,II,7,12,purpose,other,unclassified,0.57,True,automatic_unverified_candidate,"Et tanto tempo fi lalciano, ’ B 2 accioche"
AC-B1-P012-05,1,IIII,,13,condition,material,materials,0.57,True,automatic_unverified_candidate,"DELL ’ ARENA . Cap . IIII . I RITROVA fabbia , ouero Arena di tre forti , cioè di caua , di fiume , e di ma re ."
AC-B1-P013-01,1,,9,14,purpose,other,unclassified,0.57,True,automatic_unverified_candidate,"Sarà fogno della bontà del ferro , fe ridotto in malfa ; fi vederanno le fue uene continouate,e diritte, & non interrotte : e fe le tede della malfa faranno nette , e fonza feccie : perche le dette uene dimoflrerano che ’ l ferro fia fonza groppi,e fonza sfogli ; e per le telle fi conofoerà,quale egli fia nel mezo : ma fe farà ridotto in lamine quadre , ò di altra figura,fo i lati faranno diritti ; diremo ch ’ egli fia vgualmente buono , hauendo potuto ugualmente refiftere à i colpi de i martelli ."
AC-B1-P013-05,1,,9,14,purpose,material,materials,0.57,True,automatic_unverified_candidate,"Di Rame fi cuoprono alcuna volta gli edifici ) publici , c nc fecero gli Antichi i chiodi , che doroni volgarmente fi chiamano : iquali nella pietra di lotto , & in quella di fopra fifsi , vietano che le pietre non vengano Ipinte di ordine, & gli arpeffche fi pongono per tenire vnite , e congiunte infieme due pietre àparo ; & di quelli chiodi , & arpefi ci feruimo , accioche tutto l ’ edificio,ilquale per necefsità non fi può fare fo non di molti pezzi di pietra , elfondo quelli in tal modo congiunti , e legati infieme ; venga ad elfere come di vn pezzo folo,e coli molto più forte , e durabile ."
AC-B1-P013-07,1,,9,14,measurement_statement,opening,openings_and_light,0.57,True,automatic_unverified_candidate,"Ne fecero ancho le lettere perle infcrittioni , che fi pongono nel fre gio de gli edifici ) ,e fi legge che di quello metallo erano le cento porte celebri di Babilonia ; e neH ’ Ilb le di Cade due colonne di Hercole alte otto cubiti ."
AC-B1-P013-09,1,,9,14,measurement_statement,column_order,orders_and_detail,0.57,True,automatic_unverified_candidate,"SiueggonoinRoma in San Giouanni Laterano quattro colonne di Bronzo : delle quali vna fola ha il capitello : e le fece fare Augullo del metallo,ch ’ era nel - li Iperoni delle naui ch ’ egli conquillò in Egitto contra M ."
AC-B1-P014-01,1,VII,,15,condition,site_orientation,site_and_orientation,0.57,True,automatic_unverified_candidate,"IO LIBRO di Santa Maria Ritonda : nella quale volfero quegli Antichi imitare con l ’ arte quella Ipecie di metal lo Corinthio , in cui preualfe piu la natura gialla dell ’ oro : percioche noi leggiamo che quando fu d ; - ftrutto, & arfo Corintho,che hora fi chiama Coranto ; li liquefecero, & vnirono in vna malfa l ’ oro , far ge nto, & il rame,e la fortuna temprò,e fe la miflura di tre ipecie di rame , che fù poi detto Corinthio : in vna dellequali preualfe l ’ argento,onde reftò bianca,e lì accodò molto col fuo fplendore à quello : in vna altra preualfe loro , e però reftò gialla , e di color d ’ oro : e la terza fù quella , douefu vgualeil temperamento di tutti quelli tre metalli ; e quelle Ipecie fono Hate poi diuerfamente imitate dagli huomini ."
AC-B1-P014-03,1,VII,,15,condition,construction,construction,0.57,True,automatic_unverified_candidate,"Dalla Naturahabbiamo le fondamenta , quando lì ha dafa bricare fopra il fallo , tofo , e fcaranto : ilquale è vna forte di terreno , che tiene in parte della pietra : percioche quelli lenza bifogno di caliamento , ò d ' altro aiuto dell ’ arte fono da fe llefsibuonifsimo fondamento, & attifsimo à follenere ogni grande edifìcio,coll in terra,come ne i fiumi ."
AC-B1-P014-05,1,VII,,15,measurement_statement,vertical_dimension,vertical_dimensioning,0.57,True,automatic_unverified_candidate,"Se ’ l terren farà fodo , e fermo 5 tanto in quello fi cauerà fotto , quanto parerà al giudiciofo Architetto , che richieda la qualità della fabrica , e la fodézza di elfo terreno . laquale cauatione per lo più farà la feflaparte dell ’ altezza dell ’ edificio , non volendoui far cantine , ò altri luoghi fotterranei ."
AC-B1-P015-01,1,VILI,,16,purpose,construction,construction,0.57,True,automatic_unverified_candidate,"Però si schiferà questo pericolo facendosi massimamente minore spe sa nelle palificate : perche secondo la proportione de ’ muri , cosidette palificate di mezo anderanno più sottili di quelle di suora ."
AC-B1-P015-02,1,VILI,,16,purpose,other,unclassified,0.57,True,automatic_unverified_candidate,"Il piano della fossa deueessere vguale : accioche ’ l peso prema vgualmente , e non venendo à calare in vna parte più che nel lastra , inauri si aprano ."
AC-B1-P015-06,1,VILI,,16,measurement_statement,construction,construction,0.57,True,automatic_unverified_candidate,"Sei ap presso gli Antichi furono le maniere de ’ muri ; l ’ vna detta reticolata , l ’ altra di ter ra cotta , ò quadrello : la terza di cementi , cioè di pietre roze di montagna , ò di fiu me : la quarta di pietre incerte : la quinta di sasso quadrato : e la sesta la riempiuta ."
AC-B1-P015-08,1,VILI,,16,measurement_statement,construction,construction,0.57,True,automatic_unverified_candidate,"Facevano gli angoli , ouer cantoni della fabrica di pietra cotta , & ogni due piedi y mezo tira - uano tre corsi di quadrello ; i quali legauano tutta la grossezza del muro . ^ ^ - jf, * * * » : * * : ■ ' > t ^ * A , Cantonate fatte di quadrello ."
AC-B1-P016-01,1,,1,17,measurement_statement,room_proportion,space_organization_and_proportion,0.57,True,automatic_unverified_candidate,"12 LIBRO piglino tutta la larghezza del muro : & il primo corfo fia in chiarie , cioè che fi vegga il lato minore del quadrello , il fecondo per lungo , cioè co ’ l lato maggiore di fuori , & il terzo in chiaue ."
AC-B1-P016-02,1,,1,17,measurement_statement,construction,construction,0.57,True,automatic_unverified_candidate,"Di q uefta ma niera fono in Roma i muri della Ritonda , e delle Terme di Dioclitiano , & di tutti gli Edifìcij antichi eh e vi fono . - - - "" — - - - ' r , ■ S - vi ' / Z - - - A - r 4 ” - A - f - - £ - £ - £ — £ — £ — c ( - _ 1 _ 1 _ L - Va — 1 - L - H L - r J - u - r 1 - 1 — H - S — 1 — J - l — ' 1 - 1 - ■ 11 ■ ■ ^ t y 1 ■ i l j — ^ * I 1 1 ^ i ^ i - 1 “ , | | \ \ \ , r | 1 J I 1 1 • i v i i ì "" • i i , 1 F T i 1 i i i i i — r — i - r - 1 — i - r ~ ^ T - 1 — — i i i i i - * « 1i l i 1 l,l , i i , 1 ii Tr : ; ; i ; iiatj - ossct - lH : r ■ i | . l | | 1 | 1 * * T ' ' ~ ‘ 1 ^ i * « ' T * | | V ' r 1 [ • * * 1 J | J n 1 f — ^ t - 1 — * | 1 ì ' 1 * T 1 1 T 1 ‘ 1 , * i 1 * 1 "" 1 * 1 — — i — - 1 — - L — - — 1 — - — 1 l T , ' p . l . 1 . . . , . ! . . _ . ."
AC-B1-P016-03,1,,1,17,measurement_statement,construction,construction,0.57,True,automatic_unverified_candidate,"I . . . . . | . . . . . . . ~ Tr 1 i - i — r - H - ! i - r - 1 - ! i 1 I i - r - 1 — l r ^ l i i i . i . . l l — - SZ in rT r - * — i E , Corfi di quadrelli che legano tutto il muro ."
AC-B1-P016-04,1,,1,17,measurement_statement,construction,construction,0.57,True,automatic_unverified_candidate,F > Parte di mezo del muro fatta di cementi fra l ’ vn corfo e l ’ altro & i quadrelli efteriori .
AC-B1-P016-06,1,,1,17,measurement_statement,construction,construction,0.57,True,automatic_unverified_candidate,"I muri dell ’ Arena di V erona fono anch ’ efsi di ce menti , & ogni tre piedi vi fono tre corfi di quadrelli ; e cofi fono fatti ancho altri antichi edifìcij , co me fi potrà vedere ne ’ miei libri dell ’ Antichità . c - J 1 vVC G , Cementi , ò cuocoli di fiume ."
AC-B1-P016-07,1,,1,17,purpose,construction,construction,0.57,True,automatic_unverified_candidate,"H , Corfi di quadrelli che legano tutto il muro . Di pietre incerte fi diceuano quei muri , eh ’ erano fatti di pietre difiiguali di angoli , e lati : & à far quefti muri vfauano vna fquadra di piombo , la qual piegata fecondo il luogo , doue douea elfer polla la pietra ; feruiualoro nello { quadrarla : e ciò faceuano,accioche le pietre cómettelfero bene infieme , e per nó hauer da prouare più,e più volte fe la pietra ftaua bene al luogo,oue efsi haueuano difegnato di porla ."
AC-B1-P017-01,1,,,18,measurement_statement,construction,construction,0.57,True,automatic_unverified_candidate,"N , Parte di dentro del muro . O , Faccia del muro tolte via le tauole . Di quefta maniera fi poftono ancho dire le mura di Napoli , cioè le Antiche : le quali hanno due muri di faiTo quadrato grofsi quattro piedi , e diftanti tra fe piedi fei ."
AC-B1-P017-02,1,,,18,measurement_statement,construction,construction,0.57,True,automatic_unverified_candidate,"Sono legati infieme quelli mu ri da altri muri per trauerfo , e le caffo , che rimangono fra detti trauerfi , & muri efteriori fono foi pi | “ ^ di per quadro , e fono empiute di fafsi e di terra . ptUt4 col pfifo "" T 7 T ? ."
AC-B1-P018-04,1,X,14,19,measurement_statement,construction,construction,0.57,True,automatic_unverified_candidate,Il mezo de ’ muri di fopra deue calcare à piombo al mezo ] _ | § | di - quelli di fotto : onde tutto il muro pigli forma piramidale .
AC-B1-P019-02,1,XII,1,20,condition,other,unclassified,0.57,True,automatic_unverified_candidate,"Il To - ficano,come rozo,fi vfia rare volte l ' opra terra,fuor che nelle fabriche di vn ’ or dine folo , come coperti di Villa : ouero nelle machine grandifisime , come Anfitheatri,e limili : lequali hauédo più ordini quello fi ponerà in luogo del Dorico lotto il Ionico ."
AC-B1-P019-05,1,XII,1,20,measurement_statement,column_order,orders_and_detail,0.57,True,automatic_unverified_candidate,"Partifco il fufto della colonna in tre parti egua li , e lafiuo la terza parte da baffo diritta à piombo , à canto l ’ eftremità della quale pongo in taglio vna riga fiottile alquanto , lunga come la colonna , ò poco piu , e muouo quella parte , che auanza dal terzo in ( ufo , e la ( tor co fin che ’ l capo fuo giungaalpunto delladiminutione di fopradellaco lonna ( òtto il collarino ; e fecondo quella curuaturafegno : e cofi mi vie ne la colonna alquanto gonfia nel mezo , e fi raftrema molto garbatamen te ."
AC-B1-P019-06,1,XII,1,20,measurement_statement,column_order,orders_and_detail,0.57,True,automatic_unverified_candidate,"B , C , I due terzi che fi vanno diminuendo . C , Il punto della diminutione fiotto il collarino . Gli intercolunnij , cioè ( patij fra le colonne fi poffono fare di vn diametro e mezo di colonna , e lì toglie il diametro nella parte più baffa della co lonna ; di due diametri ; di due , & vn quarto ; di tre , & ancho maggiori :"
AC-B1-P020-01,1,XIIII,6,21,condition,column_order,orders_and_detail,0.57,True,automatic_unverified_candidate,"1 6 LIBRO Ma non gli tifarono gli Antichi maggiori di tre diametri di colonna , fuor che nell ’ ordine To nano , nel quale vfandofi lo Architraue di legno ; faceuano gli intercolunnij molto larghi ; nè minori di vn diametro , e mezo,e di quello ( patio fi feruirono all ’ hora mafsimamente , quando fa ceuano le colonne molto grandi ."
AC-B1-P020-02,1,XIIII,6,21,measurement_statement,column_order,orders_and_detail,0.57,True,automatic_unverified_candidate,"Ma quegli intercolunnij oiù de gli altri approuarono , che fulfero di due diametri di colonna, & vn quarto ; e quella dimandarono bella, & elegante maniera d ’ interco lunnij ."
AC-B1-P020-03,1,XIIII,6,21,condition,column_order,orders_and_detail,0.57,True,automatic_unverified_candidate,"Et fi deueauertire che tra gli intercolunnij,ouero Ipatij , e le colonne deue effere proporte ne,e corrifpondenza ; percioche le ne gli Ipatij maggiori lì porranno colonne lottili ; lì leuerà grandif fimamarte deH ’ alpetto,elfendo che perlo molto aere , che laràtrai vani , fi Ibernerà molto dellaloro grollezza ; e fe per lo contrario nelli Ipatij llretti lì faranno le colonne grolfe,per la ( ( rettezza , & angu ftia de gli Ipatij faranno vn ’ alpetto gonfio,e fenza grada ."
AC-B1-P020-04,1,XIIII,6,21,measurement_statement,vertical_dimension,vertical_dimensioning,0.57,True,automatic_unverified_candidate,"E però fe gli Ipatij eccederanno tre diame tri ; lìfaranno le colonne grone per la fettima parte dellaloro altezza,come ho olferuato di fotto nel l ’ ordine Tofcano ."
AC-B1-P020-05,1,XIIII,6,21,condition,column_order,orders_and_detail,0.57,True,automatic_unverified_candidate,"Mafe gli Ipatij faranno tre diametri ; le colonne faranno lunghe fette tede e meza , ouero otto,come nell ’ ordine Dorico : e fe di due, & vn quarto ; le colonne faranno lunghe noue tede , come nel Ionico : e fe di due,lì faranno le colonne lungne noue tede e meza , come nel Corinthio : e finalmente fe faranno di vn diametro e mezo ; faranno le colonnelunghe dieci tede,come nel Compo fito ."
AC-B1-P020-06,1,XIIII,6,21,purpose,other,unclassified,0.57,True,automatic_unverified_candidate,"Ne quali ordini ho hauuto quello rifeuardo,accioche fiano come vn ’ efempio di tutte quede maniere d ’ intercolunnijrlequali ci fono inlegnate da Vitruuio al cap . fopradetto ."
AC-B1-P020-08,1,XIIII,6,21,purpose,other,unclassified,0.57,True,automatic_unverified_candidate,"Ma fe lì faranno le Loggie co i piladri,coli fi doueranno dilporre , che i piladri non fiano manco grofsi del terzo del uano , che farà tra piladro , e piladro : e quelli,che faranno ne i cantoni ; andaranno grofsi per li due terzi ; accioche gli angoli del la fabrica uengano ad edere lodi,e forti ."
AC-B1-P020-11,1,XIIII,6,21,purpose,column_order,orders_and_detail,0.57,True,automatic_unverified_candidate,"Ma imitando Vitruuio , il quale partifoe , e diuide l ’ ordine Dorico con una mifura cauata dalla grolfezza della colonna,laquale è commune à tutti,e da lui chia mata Modulo ; mi feruirò ancor io di tal mifura in tutti gli ordini , e farà il Modulo il diametro della colonna da ballo diuilò in minuti felfanta , fuor che nel Dorico : nel quale il Modulo farà per il mezo diametro della colonna,e diuilò in trenta minuti ; perche coli rielce più commodo ne ’ compartimen ti di detto ordine ."
AC-B1-P023-01,1,,,24,condition,material,materials,0.57,True,automatic_unverified_candidate,"P k ì m - ò . i ? ilei dileguo,rtcl quale fi ueggono difpofte, & incatenate le pietre,come pare à me che fi dourebbe fa - re,quando lì facefie di pietra : fiche ho auertito ancho nel fare i diiegni de gli altri quattro ordini ; e quello difponere,e legare inlìeme le pietre ho tolto da molti Archi Antichi,come fi uederà nei mio li bro de gli Archi : & in quello ho ubato grandilsima diligenza ."
AC-B1-P023-03,1,,,24,measurement_statement,vertical_dimension,vertical_dimensioning,0.57,True,automatic_unverified_candidate,L ’ Altezza dellabafa è per la metà della grolfezza della colonna .
AC-B1-P023-04,1,,,24,purpose,vertical_dimension,vertical_dimensioning,0.57,True,automatic_unverified_candidate,"Quella altezza fi diuide in due parti eguali : vna lì dà all ’ orlo , ilquale fi fa à fella ; l ’ altra lì diuide in quattroparti,una fi dà alli neilo , il quale fi può ancho fare vn poco manco ; & altramente fi dimanda Cimbia , & in quell ’ ordine bolo è parte della Baia : perche in tutti gli altri è parte della colonna : e l ’ altre tre al toro,ouer ballone ."
AC-B1-P023-05,1,,,24,measurement_statement,column_order,orders_and_detail,0.57,True,automatic_unverified_candidate,"Il Capitello è alto ancor egli per la meta della grofiezza della colonna da baffo : e diuidefi in tre parti eguali : vna fi dà all ’ Abaco , il quale per la fua forma uolgarmente fi dice Dado . - l ’ altra all ’ Ouolo : eia terza lì diuide in lètte parti . 1 ) ’ vna iì fa il liltello fiotto l ’ ouolo , e l ’ altre fei reltano al collarino ."
AC-B1-P026-02,1,,,27,measurement_statement,column_order,orders_and_detail,0.57,True,automatic_unverified_candidate,"Gli intcrcolunnij fono poco meno di tre diametri di colonna , e quefta maniera di colonnati da Vitruuio è detta Diaftilos ."
AC-B1-P030-01,1,,26,31,measurement_statement,column_order,orders_and_detail,0.57,True,automatic_unverified_candidate,"26 LIBRO Il capitello deue edere alto la metà del diametro della colonna : e fi diuide in tre parti : quella di lo pra fi dà all ’ Abaco , e cimacio : il cimacio è dell e cinque parti di quella le due , e lì diuide in tre parti : d ’ una fi fa il Liftello , e dell ’ altre due la Gola ."
AC-B1-P030-02,1,,26,31,measurement_statement,vertical_dimension,vertical_dimensioning,0.57,True,automatic_unverified_candidate,"La feconda parte principale fi diuide in tre parti ugua li : una fi dà à gli anelli , ò quadretti : i quali fono tre uguali : l ’ altre due reflano all ’ ouolo : il quale ha di fporto i due terzi della fua altezza ."
AC-B1-P030-03,1,,26,31,measurement_statement,column_order,orders_and_detail,0.57,True,automatic_unverified_candidate,La terza parte poi fi dà al collarino . Tutto lo Iporto è per la quinta parte del diametro della colonna .
AC-B1-P030-04,1,,26,31,measurement_statement,column_order,orders_and_detail,0.57,True,automatic_unverified_candidate,"Sopra il capitello fi fa l ’ Architraue : il quale deue efler alto la metà della grolfezza della colonna , cioè un modulo ."
AC-B1-P030-06,1,,26,31,measurement_statement,column_order,orders_and_detail,0.57,True,automatic_unverified_candidate,Il Fregio và alto vn modulo e mezo : il Triglifo è largo vn modulo : il Ilio capitello è per la fella parte del modulo .
AC-B1-P030-07,1,,26,31,measurement_statement,column_order,orders_and_detail,0.57,True,automatic_unverified_candidate,"La Cornice deue effere alta vn modulo , & vnfefto , e fi diuide in parti cinque , e mezardue fi danno al Cauetto, & Ouolo ."
AC-B1-P030-08,1,,26,31,measurement_statement,column_order,orders_and_detail,0.57,True,automatic_unverified_candidate,"IlCauettoèmi - nordell ’ Ouolo , quanto è il fuo liftello : le altre tre e meza fi danno alla corona , ò cornice , che vol garmente fi dice Gocciolatoio : & alla Gola riuerfa, & diritta ."
AC-B1-P030-09,1,,26,31,measurement_statement,opening,openings_and_light,0.57,True,automatic_unverified_candidate,"La Corona deue hauer di fporto del le fei parti del modulo le quattro , e nel fuo piano che guarda in giù , & ( porta in fuori per il lungo fo - pra i Triglifi fei goccie , e per il largo tre co ’ fuoi liftelli , e ( opra le Metope alcune rofe ."
AC-B1-P030-10,1,,26,31,measurement_statement,column_order,orders_and_detail,0.57,True,automatic_unverified_candidate,"Onde l ’ Architraue , il Fregio , e la Cornice vengono ad eifer alti la quarta parte dell ’ altezza della colonna ."
AC-B1-P032-01,1,XVI,,33,purpose,column_order,orders_and_detail,0.57,True,automatic_unverified_candidate,"Le colonne con ca pitello , e bafa fono lunghe nouetefte , cioè noue moduli . - perche tefla , s ’ intende il diametro della colonna da baifo ."
AC-B1-P032-02,1,XVI,,33,measurement_statement,column_order,orders_and_detail,0.57,True,automatic_unverified_candidate,"L ' Architraue , il Fregio , e la Cornice fono perla quinta parte dell ’ altezza della colonna . - nel difegno de ’ colonnati femplici fono gli intercolunnij di due diametri , & vn quarto : & quella è la più bella , e com moda maniera d ’ intercolunnij : e da Vitruuio è detta Eultilos ."
AC-B1-P032-03,1,XVI,,33,measurement_statement,opening,openings_and_light,0.57,True,automatic_unverified_candidate,"In quello de gli Archi , i pilaftri fono per la terza parte del vano,e gli archi fono alti in luce due quadri ."
AC-B1-P035-04,1,,,36,purpose,other,unclassified,0.57,True,automatic_unverified_candidate,"Ma perche in molti edifici ] Antichi fi veggono à quell ’ ordine bafe Attiche, & à me più piacciono ; ( opra il piede - fido ho difegnato l ’ Attica con quel baftoncino fotto la Cimbia ; non reftando però di fare il difegno di quella,che ci infegna Vitruuio ."
AC-B1-P035-05,1,,,36,measurement_statement,column_order,orders_and_detail,0.57,True,automatic_unverified_candidate,"Tondino con la Cimbia,e fono membri della colonna . Badonefuperiore . Cauetto . Badone inferiore . Orlo attaccato alla Cimacia del Piededilo . Cimacia à due modi , - i . i - delPicdeddo . Baia a due modi . Orlo della Bafa . Impode de gli Archi . j E 2"
AC-B1-P037-01,1,I,33,38,measurement_statement,column_order,orders_and_detail,0.57,True,automatic_unverified_candidate,"PRIMO . 33 Per fare il capitello fi diuide il piede della colonna in diciotto parti , e dicenoue di quelle parti è la larghezza , e lunghezza dell ’ Abaco cela metà è l ’ altezza del capitello conle uolute ; onde viene ad efier alto noue parti , e meza . , Vna parte e meza fi dà all ’ Abaco co ’ l fuo Cimacio : l ’ altre otto refiano alla Voluta : la quale fifa in quello modo ."
AC-B1-P039-01,1,,3,40,measurement_statement,column_order,orders_and_detail,0.57,True,automatic_unverified_candidate,"PRIMO . 3 f L ’ Architraue , il Fregio , e la Cornice fono ( come ho detto ) per la quinta parte dell ’ altezza della colonna : e lì diuide il tutto in parti dodeci ."
AC-B1-P039-02,1,,3,40,measurement_statement,column_order,orders_and_detail,0.57,True,automatic_unverified_candidate,"L ’ Architraue è parti quattro : il Fregio tre , e la Cornice cinque ."
AC-B1-P039-03,1,,3,40,measurement_statement,column_order,orders_and_detail,0.57,True,automatic_unverified_candidate,"L ’ Architraue lì diuide in parti cinque , e d ’ vna fi fa il fuo Cimacio : e il redo fi diuide in do dici : tre fi danno alla prima falcia , e al fuo Aftragalo ; quattro alla feconda , & all ’ aflxagalo , e cinque alla terza ."
AC-B1-P039-04,1,,3,40,measurement_statement,column_order,orders_and_detail,0.57,True,automatic_unverified_candidate,"La cornice li diuide in parti fette , e tre quarti : due fi danno al Cauetto , & Ouolo , due al modiglione : & tre,e ’ tre quarti alla corona,e gola : e fporge tanto in fuori,quanto è grofTa ."
AC-B1-P039-05,1,,3,40,condition,column_order,orders_and_detail,0.57,True,automatic_unverified_candidate,"A , Gola diritta . B , Golariuerfa . C , Gocciolatoio . D , Cimacio dei modiglioni . E , Modiglioni . F , Ouolo . G , Cauetto . H , Fregio . I , Cimacio dell ’ Architrauc . k , Prima fafcia . L , Seconda fafcia . M , Tertia Fafcia . Membri del Capitello . N , Abaco . O , Incauo della Voluta . P , Ouolo . Q ; _ Tondino della Colonna , ouero Aflragolo . R , Viuo della Colonna . Doue fono le Rofe è il Soffitto della cornice tra vn modiglione , c l ’ altro . ì 1 DELL ’ OR - I i"
AC-B1-P041-02,1,XVII,31,42,condition,room_proportion,space_organization_and_proportion,0.57,True,automatic_unverified_candidate,"I pianuzzi , ouero Ipatij _ _ tra l ’ vn canale , e l ’ altro , làranno per il terzo della larghezza di detti canali ."
AC-B1-P041-03,1,XVII,31,42,measurement_statement,site_orientation,site_and_orientation,0.57,True,automatic_unverified_candidate,"Nel difegno del co lonnato femplice gliintercolunnij fono di due diametri,come è il Portico di Santa Maria Ritonda in Roma : e quella maniera di colonnati da Vitruuio è detta Siftilos ."
AC-B1-P041-04,1,XVII,31,42,measurement_statement,construction,construction,0.57,True,automatic_unverified_candidate,"Et in quello de gli Archi ; i pila - ftri fono per le due parti delfo cinque della luce dell ’ Arco , e l ’ Arco è in luce per altezza due quadri e mezo , comprela la grolfezza di eflò Arco ."
AC-B1-P044-02,1,,,45,measurement_statement,column_order,orders_and_detail,0.57,True,automatic_unverified_candidate,"La Baia fi di - uiderà in tre parti : due fi daranno al Zocco, & vna alla Cornice ."
AC-B1-P046-01,1,,42,47,measurement_statement,column_order,orders_and_detail,0.57,True,automatic_unverified_candidate,"42 L I B R o Il capitello Corinthio deue effere alto , quanto è grolla la colonna da baffo , e di più la fella parte i laquale fi dà all ’ Abaco : il refto fi diuide in tre parti uguali ."
AC-B1-P046-03,1,,42,47,measurement_statement,room_proportion,space_organization_and_proportion,0.57,True,automatic_unverified_candidate,"A far l ’ Abaco , c ’ habbia conueniente fporto ; fi forma vn quadrato : ciafcun lato del quale fia vn mo - V . dulo e mezo : e fi tirano in quello le linee diagonali ; e doue s ’ interfecano , che farànel mezo ; fi pone ' il piede immobile del comparto : e verfo cialcun angolo del quadrato fi fegna vn modulo : e doue fa ranno i punti lì tirano le linee , che s ’ interfechino ad angoli retti con le dette diagonali , e che tocchi - noilatidelquadrato : equeftefarannoilterminedellolporto,e elianto faranno lunghe ; tanto farà la larghezza delle corna dell ’ Abaco ."
AC-B1-P046-06,1,,42,47,measurement_statement,column_order,orders_and_detail,0.57,True,automatic_unverified_candidate,La Rofa deue elfer larga la quarta parte del diametro della colonna da piedi .
AC-B1-P046-07,1,,42,47,measurement_statement,column_order,orders_and_detail,0.57,True,automatic_unverified_candidate,"L ’ Ar - chitraue , il Fregio , e la Cornice ( come ho detto ) fono il quinto dell ’ altezza d ella colonna : e fi diui de il tutto in parti dodici,come nel Ionico : ma in quello v ’ è differenzajChe la cornice fi diuide in otto parti e meza : d ’ vna fi fa l ’ intauolato , dell ’ altra il dentello , della terza l ’ ouolo , della quarta e quinta il modiglione,e dell ’ altre tre e meza la corona,e la Gola ."
AC-B1-P048-01,1,XVIII,44,49,purpose,site_orientation,site_and_orientation,0.57,True,automatic_unverified_candidate,"44 LIBRO DELL ’ ORDINE COMPOSITO . Cap . XVIII . ' ORDINE Compofito , il quale vienancho detto Latino , perche fu inuentionc de gli Antichi Romani ; è coli chiamato perche participa di due de ’ fopradetti or dini , & il più regolato , e più bello è quello , che è compollo di Ionico , e di Corin - thio ."
AC-B1-P048-03,1,XVIII,44,49,purpose,vertical_dimension,vertical_dimensioning,0.57,True,automatic_unverified_candidate,"Et in quello de gli Archi i pilaltri fono per la metà della luce dell ’ Arco , e gli Archi fono alti fin fotto il volto due quadri e mezo . t i E perche"
AC-B1-P053-01,1,,49,54,measurement_statement,vertical_dimension,vertical_dimensioning,0.57,True,automatic_unverified_candidate,"L ’ Ouolo è grotto del le cinque parti dell ’ Abaco le tre : la parte fua inferiore comincia aldiritto della parte inferiore del l ’ occhio della Voluta : ha di fporto delle quattro parti della fua altezza , le tre : e uiene co ’ l fuo fporto al diritto della curuatura dell ’ Abaco , ò poco più in fuori ."
AC-B1-P053-02,1,,49,54,measurement_statement,vertical_dimension,vertical_dimensioning,0.57,True,automatic_unverified_candidate,"Il Fufarolo è per la terza parte dell ’ altezza dell ’ O uolo, & ha di fporto alquanto più della metà detta fua groflezza,e gira intorno il capitello fotto laVoluta,efemprelìuede ."
AC-B1-P053-04,1,,49,54,measurement_statement,column_order,orders_and_detail,0.57,True,automatic_unverified_candidate,"L ’ Architraue , il Fregio , e la Cornice fono per la quinta parte dell ’ altezza della colónna,eper quello ch ' è flato detto di fopra ne gli altri ordini , e per li numeri polli nel difegno fi conofce benifsimo illo ro compartimento ."
AC-B1-P055-02,1,XIX,5,56,measurement_statement,construction,construction,0.57,True,automatic_unverified_candidate,"Et alcuna volta pigliarono la mifura dall ’ altezza della colonna , come fi vede à S ufa Città pofta alle radici de ’ monti , che diuidono la Italia dalla Francia , in vn ’ Arco fatto in honore di Augufto Cefare : e nell ’ Arco di Pola Città della Dalmatiare neH ’ Anfìtheatro di Roma , neH ’ ordine Ionico , & Corinthio , ne ’ quali edifici ) il piedeftilo è per la quarta parte dell ’ altezza delle colonne ; come io ho fatto nell ’ ordine Corinthio ."
AC-B1-P055-06,1,XIX,5,56,condition,material,materials,0.57,True,automatic_unverified_candidate,"Medelimamente non fi fura nafeer fuori dalle cornici alcuni di quelli cartocci : percioche effondo dibifogno,che tutte le parti delia cor nice à qualche effetto liano fatte ; & liano come dimoftratri % di quello , che fi vederebbe , quando roperafoffe di legname ; & oltre à ciò elfendo conueneuole che à foftentare vn carico ; fi richiegga vna"
AC-B1-P056-01,1,XXI,52,57,purpose,construction,construction,0.57,True,automatic_unverified_candidate,"52 LIBRO vna cola dura, & atta à refiflere alpcfo ; non è dubbio che quelli tali cartocci nò fiano del tutto fuper - flui r perche impofsibile è che traue,òlegno alcuno faccia T effetto , eh e efsi rapprefentano : & fìnger doli teneri, & molli ; non lo con qual ragione fi ’ polfano metter fotto ad vna colà dura , & greue ."
AC-B1-P056-02,1,XXI,52,57,measurement_statement,site_orientation,site_and_orientation,0.57,True,automatic_unverified_candidate,"Ma quello,che à mio parere importa molto,è Tabulò d el fare i frontelpici delle porte,delle f èneltre,e del le loggie fpezzati nel mezo : concioliache dtendo efsi fatti per dimoltrare, & accufare il piouere del le lùbriche,ilquale coli colmo nel mezo fecero i primi edificatori ammaellrati dalla necessità ili ella ; non fo che colà più contraria alla ragion naturale li polfa fare,che fpezzar quella parte , che è finta di fendere gli habitanti, & quelli,ch ’ entrano in cafa,dalle pioggie,dalle neui , & dalla grandine : e ben ché il uariare, & le colè nuoue à tutti debbanopiacerejnó li deue però far ciò cóntra i precetti dell ’ ar te,e contra quello,che la ragione ci dimoftra : onde li uede che ancho gli Antichi variarono : nè però | dipartirono mai da alcune regole vniuerfali, & necelfarie dell ’ Arte,come fi uederà ne ’ miei libri del - T Antichità ."
AC-B1-P056-04,1,XXI,52,57,purpose,column_order,orders_and_detail,0.57,True,automatic_unverified_candidate,"Ne meno li deue fuggire il fare le cornici,che alle colonne nò habbiano proportionc,eiIcndo che fe fopra colonne picciole li porrano cornici gran di,ò fopra colonne grandi cornici picciole ; chi dubita che da tale edificio non debba caufarli bruttif - fimo afpetto c 1 Oltre à ciò il fingere le colonne fpezzate co ’ l far loro intorno alcuni anelli, & ghirlande » che paiano lenirle vnite, & falde ; li deue quàto lipuò fchifare : perche quanto più intiere , e forti li di - moltrano le colonne ; tanto meglio paiono far l ’ effetto,al quale elle fono polte , che è di rendere l ’ ope ra di fopra licura,e Itabile ."
AC-B1-P056-07,1,XXI,52,57,measurement_statement,room_proportion,space_organization_and_proportion,0.57,True,automatic_unverified_candidate,"Io fon folito non eccedere nella lunghezza del le Sale due quadri : i quali li facciano dalla larghezza : ma quanto più lì approfsimeranno al quadra to , tanto più làranno lodeuoli , & commode ."
AC-B1-P057-05,1,XXII,0,58,condition,vertical_dimension,vertical_dimensioning,0.57,True,automatic_unverified_candidate,"Si auertirà che le ftanze,che faranno vna dietro l ’ altra ; tutte habbiano il fuolo,ò il pa uimcto vguale,di modo che ne ancho i fottolimitari delle porte fiano più alti del 1 eftate d cl piano d el le ftanze : e fe qualche camerino non ghignerà con la fua altezza à quelfogno ; fopra ui fi deuerà fare vn mezato,ouero folaro pofticcio ."
AC-B1-P057-07,1,XXII,0,58,measurement_statement,room_proportion,space_organization_and_proportion,0.57,True,automatic_unverified_candidate,"Cap . XXIII . E STANZE lì fanno ò in uolto,ò in folaro . S e in folaro ; l ’ altezza dal pauimen - to alla trauatura farà quanto la loro larghezza : e le ftanze di fopra faranno per la fe lla parte meno alte di quelle di fotto ."
AC-B1-P057-09,1,XXII,0,58,measurement_statement,room_proportion,space_organization_and_proportion,0.57,True,automatic_unverified_candidate,"Ma nelle più lunghe che larghe fara di bifogno dalla lunghezza , e arghezza riarmare l ’ altezza,ch ’ inlìeme habbiano proportione ."
AC-B1-P057-11,1,XXII,0,58,measurement_statement,room_proportion,space_organization_and_proportion,0.57,True,automatic_unverified_candidate,"Vn ’ altra altezza ancora lì ormerà c ’ hauerà proportione alla lunghezza,e larghezza della ftanza in quello modo ."
AC-B1-P057-12,1,XXII,0,58,measurement_statement,room_proportion,space_organization_and_proportion,0.57,True,automatic_unverified_candidate,"Pollo il luogo da inuoltarlì c,b : aggiungeremo la larghezza alla lunghezza e faremo la linea b , f : dapoi la diuideremoin due parti uguali nel punto e : ilqual fatto centro ; faremo il mezo cerchio b,g,f , & allungheremo a,c , fin che tocchi la cir conferenz a nel punto g : & a , g , farà l ’ altezza d el uolto di c,b ."
AC-B1-P057-13,1,XXII,0,58,purpose,vertical_dimension,vertical_dimensioning,0.57,True,automatic_unverified_candidate,"Nei numeri li ritrouera in quello modo . Conolciuto quan ti piedi lìa larga la ftanza , e quanti lunga ; troueremo un nu mero c ’ habbia quella proportione alla larghezza,che la lun ghezza haueràà lui : e lo riarmeremo moltiplicando il mino re eftremo co ’ l maggiore : perche la radice quadrata di quel lo che procederà da detta moltiplicatione farà l ’ altezza che J cerchiamo ; come per efempio : fe ’ l luogo che uogliamo in - uoltareèl ungo ix . piedi,e largo iiij . l ’ altezza del uolto fora fei piedi,e quella proportione , c ’ ha ix . à fei , ha ancho fei à iiij . cioè la fefquialtera ."
AC-B1-P058-02,1,XXIIII,,59,measurement_statement,room_proportion,space_organization_and_proportion,0.57,True,automatic_unverified_candidate,"Ti rate le linee a,b : a,c : c,d : & b,d ; che dimoflrano la larghez za,e lunghezza della ftazajfi ritrouerà l ’ altezza come nel pri mo modo,che farà la c,e : laquale iì aggiugerà alla a,c : c poi lì farà la linea e,d,f, & lì allungherà a,b : lìn che tocchi la e,d , lànci punto f ."
AC-B1-P058-03,1,XXIIII,,59,measurement_statement,vertical_dimension,vertical_dimensioning,0.57,True,automatic_unverified_candidate,"L ’ altezza del volto farà la b,f . Ma con i nume ri lì ritrouerà in tal maniera . Ritrouato dalla lughezza , e lar ghezza della ftàza l ’ altezza fecódo il primo modo , laquale tenendo l ’ efempiofoprapollo è il 9 ; lìcollocherano lalun - ghczza,la larghezza , cT altezza , come nella figura : dipoi li moltiplica il 9,col 12,e col 6 , & quello,che procederà dal 12,fi póg a fiotto il 12 : & quel 12 ^ lo,che dal < 5 , fiotto il < 5 , epofcia fi moltiplica 10 ’ 7 2 il 6 , col 12,e quel,che ne procederà ; fi póga fiotto il 9 : e quello fiaràil 72 , e ritrouato vn numero,il quale moltiplicato col 9,giuga alla fiomma del 72 , che nel calo nollro farebbe l ’ 8 , diremo 8 . piedi elfier l ’ altezza del uolto ."
AC-B1-P058-04,1,XXIIII,,59,purpose,other,unclassified,0.57,True,automatic_unverified_candidate,"Stanno quelle altezze tra loro in quello modo,che la prima è maggiore della feconda,e quella è maggiore della terza : però ci feruiremo di cialcuna di quelle altezze,fecondo che tornerà bene per far che più llanze di diuerfe grandezze habbiano i uolti egualméte alti , e nondi meno detti uolti lìano proportionati à quelle : dalche ne rifiulterà e bellezza all ’ occhio , e cómoditàper ilTuolo,ò pauimento che andaràloro fiopra : perche uerrà ad elfier tutto vguale ."
AC-B1-P058-05,1,XXIIII,,59,measurement_statement,roof,roof,0.57,True,automatic_unverified_candidate,"Sono ancora altre al tezze di uolti ; lequali non calcano fiotto regola : & di quelle fi hauerà da fieruire l ’ Architetto , fecondo il Ilio giudicio , & fiecondola necefsità . 6 54 DELLE MANIERE DE ’ VOLTI ."
AC-B1-P058-07,1,XXIIII,,59,measurement_statement,vertical_dimension,vertical_dimensioning,0.57,True,automatic_unverified_candidate,"Si lafciano ne gli angoli della llàza alcuni fmufsi,che togliono fufo il mezo tódo del uolto : ilqualenel mezo uiene ad elfiere à remenato ; e quanto più s ’ approfsima à gli angoli ; tato più di - uentaritondo ."
AC-B1-P059-02,1,XXV,55,60,recommendation,vertical_dimension,vertical_dimensioning,0.57,True,automatic_unverified_candidate,"A me pare che torni bene diuider lo fpatio dal piano,ò fuolo allafuperficie del - h , Vty _ la trauatura in tre parti,e meza , ( come dice Vitruuio nel iiij . lib . al vj . cap . ) e di due Pn ' ncà farne la luce in altezza,e di vna in larghezza,manco la duodecima parte dell ’ altezza ."
AC-B1-P059-10,1,XXV,55,60,measurement_statement,room_proportion,space_organization_and_proportion,0.57,True,automatic_unverified_candidate,"Di vna faccio le fineftre larghe in luce , e di due alte , aggiuntali ! la fefta parte della larghezza : e fecondo la grandezza di quefte faccio tutte quelle dell ’ altre ftanze ."
AC-B1-P059-14,1,XXV,55,60,condition,opening,openings_and_light,0.57,True,automatic_unverified_candidate,"Le Pilaftrate , ouero Erte delle porte , e delle fineftre non vo gliono edere nè meno graffe della feda parte della larghezza della luce , nè più della quinta ."
AC-B1-P060-01,1,,5,61,measurement_statement,column_order,orders_and_detail,0.57,True,automatic_unverified_candidate,"5 - 5 L I B R O le quali ho detto non douerfi far meno della fella parte della larghezza della luce , nè più della quin ta : e da lui pigliano la loro grolfezza il Fregio, & la Cornice ."
AC-B1-P060-02,1,,5,61,measurement_statement,column_order,orders_and_detail,0.57,True,automatic_unverified_candidate,"Si partile e l ’ Architraue in quattro parti,e per tre di quel le lì fa l ’ altezza del Fregio,e per cinque quella d ella Cornice ."
AC-B1-P060-03,1,,5,61,measurement_statement,vertical_dimension,vertical_dimensioning,0.57,True,automatic_unverified_candidate,"Si torna à diuid ere F Architraue in die ci parti . - tre uanno alla prima fafcia,quattro alla feconda , e le tre che reftano lì diuidono in cinque : due lì danno al regolo , ouer ’ orlo,e le tre,che reftano alla Gola riuerfa , che altramente lì dice intauo - lato : il fuo { porto è quanto la fua altezza : l ’ orlo { porge in fuori manco della metà della fua grollèzza ."
AC-B1-P060-04,1,,5,61,measurement_statement,column_order,orders_and_detail,0.57,True,automatic_unverified_candidate,"Il Fregio è per le tre parti delle quattro dell ’ Architraue , e lì fegna di portione di cerchio minore del mezo circulo , e con la fua gon fiezza uiene al diritto del cimacio dell ’ Architraue ."
AC-B1-P060-05,1,,5,61,measurement_statement,vertical_dimension,vertical_dimensioning,0.57,True,automatic_unverified_candidate,"Le cinque parti,che lì danno alla cornice in que llo mo . doàifuoi - membri fi attribuifeono : una fi dà al cauetto col fuo liftello , ilquale è per la quinta parte del Cauetto : ha il cauetto di Iporto delle tre parti le due della fua altezza : per fegnarlo lì forma vn triangolo di due lati vguali , e nell ’ angolo C , fi fa il centro ronde il cauetto viene ad elfer la bafa del Triangolo ."
AC-B1-P060-06,1,,5,61,measurement_statement,vertical_dimension,vertical_dimensioning,0.57,True,automatic_unverified_candidate,"Ha di Iporto delle tre parti della fua altezza le due , e fi fegna facendoli un triangolo di due lati vguali,e fi fa centro nel punto H ."
AC-B1-P060-07,1,,5,61,measurement_statement,column_order,orders_and_detail,0.57,True,automatic_unverified_candidate,"L ’ Architrauefimilmentenellafecondainuentione fi diuide in quattro parti : e di tre fi fa l ’ altezza del Fregio,e di cinque quella della Cornice ."
AC-B1-P060-08,1,,5,61,measurement_statement,column_order,orders_and_detail,0.57,True,automatic_unverified_candidate,"Si diuide poi l ’ Architraue in tre parti,e due di quelle fi diuidono in fette,e tre fi danno alla prima falcia,e quattro alla feconda ."
AC-B1-P060-09,1,,5,61,measurement_statement,column_order,orders_and_detail,0.57,True,automatic_unverified_candidate,"L ’ altezza della cornice fi diuide in parti cinque e tre quarti : vna di quelle fi diuide in lèi parti : di cin que lì fa l ’ intauolato fopra il fregio,e d ’ vna il liftello ."
AC-B1-P060-10,1,,5,61,measurement_statement,vertical_dimension,vertical_dimensioning,0.57,True,automatic_unverified_candidate,"Le altretre parti li diuidono in dicefette, & otto di quelle fi danno al Gocciolatoio : ilquale ha di Iporto delle tre parti della lua altezza le quattro : le altre noue fi diuidono in quattro : tre lì danno alla Gola, & vna al l ’ orlo ."
AC-B1-P062-01,1,,58,63,measurement_statement,column_order,orders_and_detail,0.57,True,automatic_unverified_candidate,"58 LIBRO ' Di quelle due altre inuentioni l ’ Architràùe d ella prima , che il fegnato F , fi diuide fimilmente in quattroparti : ditre & vnquaitofifal ’ altezzadelFregio : edicinquequella della cornice ."
AC-B1-P062-02,1,,58,63,measurement_statement,column_order,orders_and_detail,0.57,True,automatic_unverified_candidate,"Si diui de T Architraue in parti otto : cinque vanno al piano , e ' tre al cimacio : ilquale và ancor egli diuifo in parti otto : tre fi danno aH ’ intauolato,tre alcauetto , e due all ’ orlo ."
AC-B1-P062-03,1,,58,63,measurement_statement,vertical_dimension,vertical_dimensioning,0.57,True,automatic_unverified_candidate,"L ’ altezza della Cornice fi parti - > fce in Tei parti : di due fi fa la Gola diritta col fuo orlo,e di vna l ’ intauolato ."
AC-B1-P062-04,1,,58,63,measurement_statement,column_order,orders_and_detail,0.57,True,automatic_unverified_candidate,"Nell ’ altra inuentiónel ’ Architraue fegnato H, ' fidiuide in quattro parti , e di tre e mezafifal ’ al - ’ tezza del fregio , e di cinque l ’ altezza della cornice ."
AC-B1-P062-05,1,,58,63,measurement_statement,vertical_dimension,vertical_dimensioning,0.57,True,automatic_unverified_candidate,"L ’ intauolato ha di Iporto quanto è groifo : il dentello delle tre parti della fua altezza le due : e l ’ Ouolo delle quattro parti le tre : de i tre quarti fifa l ’ intauolato tra la Gola,e il Gocciolatoio : e l ’ altre tre par ti fi diuidono in dicefette : noue fanno la Gola, & l ’ Orlo : & otto il Gocciolatoio ."
AC-B1-P064-02,1,XXVII,6,65,condition,material,materials,0.57,True,automatic_unverified_candidate,"Percioche effen - do ne i monti di detta Villa,alcune caue grandifsime,che gli habitatori di quei luoghi chiamano co - uali, & erano anticamente Petraie,delle quali credo che intenda Vitruuio,quando nel fecondo libro , oue tratta delle pietre,dice,che nella Marca Triuigiana fi caua vna forte di pietra , che fi taglia con la foga,come il legno , Nelle quali nafcono alcuni venti frefohifsimi ; quelli Gentil ’ huomini per certi volti Sotterranei,ch ’ efsi dimandano Ventidotti ; gli conducono alle loro cafo, & con canne fimili alle fopradette conducono poi quel uento frefoo per tutte le ftanze,otturandole , & aprendole à lor piace re per pigliare più,e manco frefco,fecondo le ftagioni ."
AC-B1-P065-03,1,,1,66,measurement_statement,room_proportion,space_organization_and_proportion,0.57,True,automatic_unverified_candidate,"La larghezza de ’ gradi non deue farli meno di un piede , nè più d ’ vn piede e mezo ."
AC-B1-P065-07,1,,1,66,condition,roof,roof,0.57,True,automatic_unverified_candidate,"Per far quelle fi diuide tutto il luogo in quattro parti : due fi danno a gra di , e due al uacuo di mezo : dal quale , fe fi lalcialfe dilcoperto ; elfe leale haurebbono il lume :"
AC-B1-P065-08,1,,1,66,purpose,construction,construction,0.57,True,automatic_unverified_candidate,"LeScaleàLumaca,cheàChiocciolaanchofidicono ; fifannoaltroueritonde, & altroue oliate : al - , ' cuna uolta con la colonna nel mezo , & alcuna uolta uacue , ne i luoghi firetti mafsimamente fi ulano : perche occupano manco luogo , che le diritte : ma fono alquanto più difficili da falire ."
AC-B1-P065-10,1,,1,66,measurement_statement,circulation,circulation,0.57,True,automatic_unverified_candidate,"Ma nelle uacue fi diuide il diametro in quattro parti : due fi danno ài gradi,e due rellano al luogo di me zo ."
AC-B1-P065-11,1,,1,66,purpose,opening,openings_and_light,0.57,True,automatic_unverified_candidate,"So no molto gratiofe , e belle da uedere : perche tutte le finellre,e porte uengono per teda dell ’ ouato , & in mezo , e fono alfai commode ."
AC-B1-P065-12,1,,1,66,measurement_statement,circulation,circulation,0.57,True,automatic_unverified_candidate,"C , Scala à Lumaca uacua nel mezo . D , Scala à Lumaca vacua nel mezo, & co ’ gradi torti ."
AC-B1-P065-13,1,,1,66,measurement_statement,circulation,circulation,0.57,True,automatic_unverified_candidate,"E , Scala ouata con la colonna nel mezo . F , Scala ouata fenza colonna . G , Scala diritta co ’ l muro di dentro . H , Scala diritta fenza muro . I Vn ’ altra"
AC-B1-P068-01,1,,64,69,measurement_statement,circulation,circulation,0.57,True,automatic_unverified_candidate,"64 LIBRO Vn ’ altra bella maniera di Scale à lumaca fece già fare à Sciambur luoco della Francia il Magnani mo Re Francefco in vn Palagio da lui fabricato in vn bofco, & è in quello modo ."
AC-B1-P068-02,1,,64,69,purpose,circulation,circulation,0.57,True,automatic_unverified_candidate,"Sono quattro Sca le , lequali hanno quattro entrate , cioè ciafcunala fua, & afcendono vnafopra l ' altra , di modo che fa cendoli nel mezo della fabrica ; ponno feruire à quattro appartamenti,fenza che quelli,che in vno ha bitano,uadano per lafcala dell ’ altro : e per elfer uacuanel mezo ; tutti lì ueggono l ’ vn l ’ altro falire , & fcendere,fenzachelidianounminimo impedimento : e perche è bellifsima inuentione , & nouajio l ’ ho polla , & con lettere contrafegnate le Scale nella pianta, & nell ’ alzato . - accioche lì ueda oue co minciano , & come afcendono ."
AC-B1-P068-03,1,,64,69,purpose,column_order,orders_and_detail,0.57,True,automatic_unverified_candidate,"Erano ancho ne i Portici di Pompeio,i quali fono in Roma per an dare in piazza Giudea tre fcaleà lumaca di molto laudabile inuentione : percioche elfendo elfe po lle nel mezo,onde non poteuano hauer lume,fe non di fopra ; erano fatte fu le colonne , accioche il lu me lì Ipargelfe vgualmente per tutto ."
AC-B1-P068-04,1,,64,69,measurement_statement,column_order,orders_and_detail,0.57,True,automatic_unverified_candidate,"Ad efempio di quelle Bramante a fuoi tempi lìngolarifsimo Architetto j ne fece vna in Beluedere , e la fece lenza gradi , & uiuolfe i quattro ordini di colonne , cioè il Dorico , Ionico,Corinthio , & Compolìto ."
AC-B1-P068-05,1,,64,69,measurement_statement,column_order,orders_and_detail,0.57,True,automatic_unverified_candidate,"A far tali fcale lì diuid e tutto lo Ipatio in quattro parti : due lì danno al vacuo di mezo , & vna per banda a gradi , & colonne ."
AC-B1-P071-01,1,XXIX,7,72,measurement_statement,construction,construction,0.57,True,automatic_unverified_candidate,"PRIMO . * 7 DE I COPERTI . Cap . XXIX . SSENDOSI tirati i muri alla fommità loro,e fatti i uolti , ineffe le trauamenta de folari , accommodate le leale , e tutte quelle cofe , delle quali babbiamo parlato di fopra ; fa dibifogno fare il coperto : ilquale abbracciando cialcuna parte dellafabri ca , e premendo col pefo fuo vgualmente fopra i muri ; è come vn legame di tutta l ’ opera, & oltrail difendere gli habitanti dalle pioggie,dalle neui,da gli ardenti Sc - _ li , e daH ’ humidità della No tte ; fa non picciolo giouamento alla fabrica , { caccian do lontano dai muri Tacque , che piouono . - lcquali benché paiano poco nuocere ; nondimeno in procedo di tempo fono cagione di grandifsimi danni ."
AC-B1-P071-03,1,XXIX,7,72,condition,roof,roof,0.57,True,automatic_unverified_candidate,"Onde in Germania perla grandifsima quanti tà delle neui,che vi vengono ; lì fanno i coperti molto acuti,e lì cuo ' prono di Scandole , che fono alcu ne tauolette picciole di legno ; ouero di tegole fottilifsime ; che fe altramente fi facelfero ; farebbono dalla grauezza delle neui ruinati : ma noi che in Regione temperata viuiamo ; douemo eleggere quel l ’ altezza , che renda il coperto garbato,e con bella forma,e pioua facilmente ."
AC-B2-P076-06,2,III,4,77,measurement_statement,vertical_dimension,vertical_dimensioning,0.57,True,automatic_unverified_candidate,"Le prime ftanze lono in uolto j le maggiori hanno l ’ altezza de ’ uolti fecondo il pri mo modo pollo di fopra dell ’ altezza de ’ uolti ne i luoghi più lunghi , che larghi ."
AC-B2-P076-07,2,III,4,77,purpose,vertical_dimension,vertical_dimensioning,0.57,True,automatic_unverified_candidate,"Lafala arriua con la fua altezza fotto il tetto . La cucina è fuori della cafa , ma peròcommodisfima , Icesfi fono a canto le fcale,e benché fiano nel corpo della fabricamon ren dono però alcun cattiuo odore : perche fono polli in luogo lontano dal Sole , & hanno alcuni Ipirt : - glidalfondo della folfa per la groffezza del muro , che sboccano nella fommità della cafa . 1 — i — & i . ' J ' — f - * — b T !"
AC-B2-P078-01,2,,6,79,purpose,site_orientation,site_and_orientation,0.57,True,automatic_unverified_candidate,"Hà quella fabrica nella parte di lotto una loggia dauanti , che piglia tutta la facciata : il pauimento del primo ordines ’ alza da terra cinque piedi : il che è fiato fatto fi per ponerui fotto le cantine, & altri luo ghi appartenenti al còmmodo della cafa , iquali non fariano riufciti fe folTero fiati fatti del tutto fot - terra ; percioche il fiume non è molto difcofto ; fi ancho accioche gli ordini di fopra meglio godef - fero del bel fito dinanzi ."
AC-B2-P078-02,2,,6,79,purpose,vertical_dimension,vertical_dimensioning,0.57,True,automatic_unverified_candidate,"La fua altezza è fin fotto il tetto ; e perche efce alquanto in fuori ; ha lotto gli Angoli le colonne doppie , dall ’ una e l ’ altra parte di quefiafalauifono due loggie,cioè una per bandafiequali hanno ifofHtti loro , ouer lacunari ornati di bellislìmi quadri di pittura , e fanno bellisfima uifia ."
AC-B2-P080-01,2,,8,81,measurement_statement,vertical_dimension,vertical_dimensioning,0.57,True,automatic_unverified_candidate,"Guarda quefta cafa fopra due drade publiche : cperò ha due entrate , lequali han no quattro colonne per ciafcuna , che tolgono Tufo il uoltoj e rendono il luogo di lòpralìcuro ."
AC-B2-P080-02,2,,8,81,measurement_statement,vertical_dimension,vertical_dimensioning,0.57,True,automatic_unverified_candidate,"Le llanze prime fono in uolto . L ’ altezza di quelle , che fono a canto le dette entrate ; è fecondo l ’ ulti mo modo dell ’ altezza de ’ uolti ."
AC-B2-P080-03,2,,8,81,measurement_statement,vertical_dimension,vertical_dimensioning,0.57,True,automatic_unverified_candidate,"Il cortile circondato daportici,alquale fi uàda dette entrate per un ’ andito jhauerà le colonne alte trentafèi piedi e mezo,cioè quanto è alto il primo,c fecondo ordine ."
AC-B2-P080-04,2,,8,81,measurement_statement,column_order,orders_and_detail,0.57,True,automatic_unverified_candidate,"Dietro a que - de colonne ui fono pilaftri larghi un piede,e tre quarti ; e grosfi un piede,e due oncie , che lodente - ranno ilpauimento della loggia di fopra ."
AC-B2-P080-05,2,,8,81,purpose,temple,building_type_and_composition,0.57,True,automatic_unverified_candidate,"Ho uoluto poner lefcale principali fotto ’ l portico , che rilpondano à mezo del cortile : accioche quelli , che uoglio - no fiilir di fopra ; lìano come adretti à ueder le più belle parti della fabrica ; & anello accioche elfen - do nel mezo pollano le mire all ’ ima,e all ’ altra parte ."
AC-B2-P083-01,2,,,84,measurement_statement,room_proportion,space_organization_and_proportion,0.57,True,automatic_unverified_candidate,"Si entra in quella cala dai fianchi , oue fono gli anditi larghi diece piedi : dai quali fi peruiene ne i Cortili di lunghezza ciafcuno di cinquanta piedfie da quelli in vna Sala aperta,la quale ha quat tro colonne per maggior lìcurezza della Sala di fopra ."
AC-B2-P084-01,2,,,85,measurement_statement,room_proportion,space_organization_and_proportion,0.57,True,automatic_unverified_candidate,"Due altre entrate ui fono ne ’ fianchi , lequali hanno le colonne nel mezo,che ui fono polle non tanto per orna mento,quanto per rendere il luogo di fopra licuro , e proportionarc la larghezza all ’ altezza ."
AC-B2-P088-01,2,,6,89,measurement_statement,opening,openings_and_light,0.57,True,automatic_unverified_candidate,"E ' quella cafa diuilà in due parti dalla corte di mezo : in torno la quale è vn Corritore,òPog giuolo,che porta dalla parte dinan zi à quella di dietro ."
AC-B2-P090-01,2,,18,91,measurement_statement,urban_public,urban_and_public_architecture,0.57,True,automatic_unverified_candidate,"18 LIBRO FRA MOLTI honorati Gentil ’ huomini Vicentini fi ritroua Monfignor Paolo Almerico huo - mo di Chiefa,e che fu referendario di due Sommi Pontefici Pio 1111 , & V , & che per il fuo ua - lore meritò di elfcr fatto Cittadino Romano con tutta cafa fua ."
AC-B2-P090-02,2,,18,91,purpose,other,unclassified,0.57,True,automatic_unverified_candidate,"Il fito è de gli a - meni,e diletteuoli che li polfano ritrouare : perche è fopra un monticello di afcefa facilifsima, & è da j vna parte bagnato dal Bacchigliene fiume nauigabile , e dall ’ altra è circondato da altri amenifsimi colli,che rendono l ’ afpetto di un molto grande Theatro,e fono tutti colduati , & abondanti di frutti eccellentifsimi, & di buonifsime viti :"
AC-B2-P090-03,2,,18,91,purpose,room_proportion,space_organization_and_proportion,0.57,True,automatic_unverified_candidate,"Onde perche gode da ogni parte di bellifsime uifte,delle quali alcune fono terminate,alcune più lontane, & altre,che terminano con l ’ Orizonte ; ui fono fiate fatte le loggie in tutte quattro le faccie : lotto il piano delle quali , e della Sala fono le fianze per la com - modità, & ufo della famiglia ."
AC-B2-P090-04,2,,18,91,measurement_statement,room_proportion,space_organization_and_proportion,0.57,True,automatic_unverified_candidate,"I camerini fonoamezati . Sopra le fianze grandi,lequali hanno iuolti alti fecondo il primo modo , intorno la Sala ui è un luogo da parteggiare di larghezza di quindici piedi , e mezo ."
AC-B2-P096-02,2,IIII,,97,measurement_statement,column_order,orders_and_detail,0.57,True,automatic_unverified_candidate,"Dice Vitruuio nel vj . libro , che cinque forti di Atrij erano ap - prelfo gli Antichi , cioè Tofoano , di quattro colonne , Corinthio , Teftugginato , & Difcoperto , dei quale non intendo parlare ."
AC-B2-P096-03,2,IIII,,97,measurement_statement,room_proportion,space_organization_and_proportion,0.57,True,automatic_unverified_candidate,Dell ’ Atrio Tofcano fono i feguenti difegni . La lar - ghczzadi quello Atrio è delle tre parti della lunghezza le due .
AC-B2-P096-04,2,IIII,,97,measurement_statement,room_proportion,space_organization_and_proportion,0.57,True,automatic_unverified_candidate,Il Tabiino è largo due quinti della larghezza dell ’ Atrio ; e medelimamente lungo .
AC-B2-P096-05,2,IIII,,97,measurement_statement,column_order,orders_and_detail,0.57,True,automatic_unverified_candidate,"Dai fianchi dell ’ Atrio uifipotrebbono far Salotti , che guardaifero fopra giardini : e fe coli fi facelfero , come fi uede nel difegno ; le loro colonne farebbono di ordine Ionico lunghe uenti piedi , & il portico farebbe largo quanto gli intercolunnij,di fopra ui farebbono altre colonne Corin thie , la quarta parte minori di quelle di fotto : tra lequali ui farebbono fendil e per pigliare il lume ."
AC-B2-P099-01,2,V,7,100,measurement_statement,column_order,orders_and_detail,0.57,True,automatic_unverified_candidate,SECONDO . * 7 DELL ’ ATRIO DI QVATTRO COLONNE . Cap . V . L DISEGNO che feguc ; ha l ’ Atrio di quattro colonne : ilquale è largo delle cinque parti della lunghezza le tre .
AC-B2-P099-02,2,V,7,100,measurement_statement,room_proportion,space_organization_and_proportion,0.57,True,automatic_unverified_candidate,"Le ale fono per la quarta parte della lunghez za . Le colonne fono Corinthie : il loro diametro è per la meta della larghezza del lealerildifcoperto è la terza parte della larghezza dell ’ Atrio : il Tabiino è largo per la metà della larghezza dell ’ Atrio , & medeiìmamente lungo ."
AC-B2-P099-03,2,V,7,100,measurement_statement,column_order,orders_and_detail,0.57,True,automatic_unverified_candidate,"Dall ' Atrio per _ il Tabiino lì palla nel Periftilio : il quale è lungo un quadro e mezo : le colonne del primo ordine fono Doriche , & i portici fono tanto larghi , quanto fono dette colonne lunghe : quel le di ( opra , cioè del fecondo lono Ioniche 5 la quarta parte più lottili di quelle del primo , & hanno lotto di le il poggio , ò piedeftilo alto piedi due,e tre quarti . * A , Atrio ."
AC-B2-P101-01,2,VI,,102,measurement_statement,room_proportion,space_organization_and_proportion,0.57,True,automatic_unverified_candidate,"Le ale fono vna delle tre parti , emezadella lunghezza : le colonne fono di ordine Compofito grolfe tre piedi e mezo , e lunghe trentacinque ."
AC-B2-P101-02,2,VI,,102,measurement_statement,roof,roof,0.57,True,automatic_unverified_candidate,"Lo { coperto nel mezo è la terza parte della larghezza dell ’ Atrio . - Sopra le colóne ui è vn terrazzato ( coperto al pari del piano del terzo ordine dell ’ Inclauftro , oue fono le celle de i Frati ."
AC-B2-P101-03,2,VI,,102,measurement_statement,column_order,orders_and_detail,0.57,True,automatic_unverified_candidate,"Appretto l ’ Atrio da vna parte è la Sacreftia circondata da vna Cornice Dorica , che tol fufoil uolto : le colonne che ui fi ueggono ; loftentano quella parte del muro dell ’ Inclauftro , che nella patte di lò - pra diuide le camere , ouer celle dalle Loggie ."
AC-B2-P101-04,2,VI,,102,measurement_statement,circulation,circulation,0.57,True,automatic_unverified_candidate,"Nella parte apprelfo laChiefa ui è vna Scalaouata uacua nel mezo , la quale riefce molto com moda , e uaga ."
AC-B2-P101-05,2,VI,,102,measurement_statement,column_order,orders_and_detail,0.57,True,automatic_unverified_candidate,"Dall ’ Atrio fi entra nell ’ Inclauftro : il quale ha tre ordini di colonne vno ( opra l ’ altro : il primo è Dorico , le colonne efcono fuori de i pilaftri più che la metà : il fecondo è Ionico , le colon ne fono per 1 a quinta parte minori di quelle del primo : il terzo è Corinthio, & ha le colonne la quinta parte minori di quelle delfecondo ."
AC-B2-P101-07,2,VI,,102,measurement_statement,vertical_dimension,vertical_dimensioning,0.57,True,automatic_unverified_candidate,"Rincontro all ’ Atrio & Inclauftro oltrala calle fitrouail Refettorio lungo due quadri , & alto fin al piano del terzo ordine dell ' Inclau - ftro : ha vna loggia per banda , e fono vna Cantina fatta al modo , che fi fogliono farle cifterne,accio che l ’ acqua nonni pofta entrare ."
AC-B2-P105-01,2,VII,33,106,purpose,temple,building_type_and_composition,0.57,True,automatic_unverified_candidate,"Cap . VII . L T R A le { òpradette maniere d ’ Atrij vn ’ altra apprdfo gli Antichi fu molto in vlò , e da loro detta teftugginata : e perche quedaparteèdifficilifsima per l ’ ofcurità di Vitruuio , & degna di molta auertenza ; ione dirò quel che ne credo , aggiungen - douiancho la dilpofitione de gli Oeci,ò Salotti , Cancellane , Tinelli , Bagni , & altri luoghi in modo che nel ( eguente difegno lì haueranno tutte le parti della cala priuata polle ne ’ luoghi Tuoi fecondo Vitruuio ."
AC-B2-P105-02,2,VII,33,106,measurement_statement,room_proportion,space_organization_and_proportion,0.57,True,automatic_unverified_candidate,"Rincontro all ’ entrata è il Tabii no : il quale è per una delle due parti e meza della larghezza dell ’ Atrio : e feruiuano quelli luoghi , comealtrouehodetto,àriporleimagini,eftatuede ’ maggiori ."
AC-B2-P105-03,2,VII,33,106,purpose,column_order,orders_and_detail,0.57,True,automatic_unverified_candidate,"Più forti di Oeci fono deftritti da Vitruuio , ( erano quelli Sale , ouer Salotti , ne i quali fi faceuano i conuiti , e le fede , e ftauano le donne à lauorare ) cioè i Tetraftili , coli detti perche ui era no quattro colonne : i Corinthij , i quali haueuanointorno meze colonnelli Egittij : i quali fo pra le prime colonne erano chiufi da vn muro con meze colonne al diritto delle prime,e la quarta par te minori : ne gi ’ intercolunnij erano le feneftrc , dalle quali riceueua lume il luogo di mezo :"
AC-B2-P106-01,2,,4,107,measurement_statement,room_proportion,space_organization_and_proportion,0.57,True,automatic_unverified_candidate,"3 4 LIBRO A , Atrio . B , Tabiino . C , Periitilio . D , SalotiCorinthij . E , S aloti di quattro colonne . F , Balilica . G , Luoghi per la Eftate . H , Stanze , k , Librarie . X 0 O 0 x . 0 a0 £ 9 « 0 o o © 0 o o/o o p oo 3 6 K ■ ~ l ISéiA J i mmwtimmmM Q0g | Q | | 0 | l | p | lljlgfl | l | l | jl | S _ J _ ii ilMItHj IL DISEGNO che fegue è di quello ifteflo Atrio in forma maggiore ."
AC-B2-P108-01,2,VILI,,109,measurement_statement,room_proportion,space_organization_and_proportion,0.57,True,automatic_unverified_candidate,"Quelle fi faceuano quadre , e ui fi faceuano le colonne per proportionare la larghezza all ’ altezza , e per ren dere il luogo di fopra ficuro : il che ho fatto ancor io in molte fabri - che , come s ’ è uifto ne i difegni polli di fopra , e fi uederà in quelli , che feguiranno » « DELLE"
AC-B2-P110-01,2,IX,,111,condition,room_proportion,space_organization_and_proportion,0.57,True,automatic_unverified_candidate,"DELLE SALE CORINTHIE . Cap . IX . E SALE Corinthie fi faceuano in due modi , cioè ò con le colonne che nalceua - no da terra , come fi uede nel difegno primo , ouero con le colonne fopra i piede - ftili , come nel difegno fecondo ."
AC-B2-P110-03,2,IX,,111,condition,room_proportion,space_organization_and_proportion,0.57,True,automatic_unverified_candidate,"Il uolto fi faceua ò di mezo cerchio,ouero à fchiffo , cioè , che hauea tanto di frezza , quanto era il terzo della larghezza della Sala , e fi doueua adornare con compartimenti di ftucchi , e di pit ture ."
AC-B2-P110-04,2,IX,,111,measurement_statement,room_proportion,space_organization_and_proportion,0.57,True,automatic_unverified_candidate,"La lunghezza di quelle Sale farebbe molto bella di un quadro , e due terzi della lar ghezza ."
AC-B2-P113-01,2,X,41,114,condition,room_proportion,space_organization_and_proportion,0.57,True,automatic_unverified_candidate,"SECONDO . 41 DELLE SALE EGITTIE . Cap . X . L DISEGNO chefegueè delle Sale Egittie : Ie quali erano molto limili alle Baliliche , cioè luoghi , oue lì rendeua ragione,delle quali li dirà,quando li tratterà delle piazze rpercioche in quelle fale ui lì faceua un portico facendoli le colonne di dentro lontane dal muro , come nelle Baliliche ; e fopra le colonne u ’ erano gli Architraui,i Fregi,e le Cornici ."
AC-B2-P115-01,2,XI,3,116,measurement_statement,circulation,circulation,0.57,True,automatic_unverified_candidate,"S E C a N D o . 4 3 DELLE CASE PRIVATE DE ’ GRECI . Cap . XI . GRECI tennero diuerlo modo di fabricare da i Latini : percioche ( come dice Vitruiiio ) laiciate le Loggie,e gli Atrij fecero la entrata della caia angufla,e Eretta , e dall ’ vna parte pofero le Ralle de ’ caualli,e dall ’ altra le Ranze per li portinari ."
AC-B2-P115-02,2,XI,3,116,measurement_statement,site_orientation,site_and_orientation,0.57,True,automatic_unverified_candidate,"Da queRo primo andito fi entraua nel Cortile : ilqualc haueada tre parti i portici , e dalla parte uolta à mezo giorno ui faceuano due Anti,cioè pilafiri , che reggeuano letraui de i folaripiùa dentro : percioche lafciato alquanto difpatio dall ’ vna,e l ’ al tra parte ; erano luoghi molto grandi deputati alle madri di famiglia,ouc Refìero co i loro lerui,e fer - uc ."
AC-B2-P115-03,2,XI,3,116,condition,vertical_dimension,vertical_dimensioning,0.57,True,automatic_unverified_candidate,"A queRo edificio ue ne aggiungcuano un ’ altro di mag gior grandezza , Sfornamento con più ampij cortili : ne ’ quali ouero fi faceuano quattro portici di uguale altezza,ouero uno di maggiore , cioè quello ch ’ era uoltoal Meriggie, & il cortile , c ’ haueua queRo portico più alto fi dimandaua Rhodiaco , forfè per efier uenuta l ’ inuentione da R hodi ."
AC-B2-P115-04,2,XI,3,116,purpose,opening,openings_and_light,0.57,True,automatic_unverified_candidate,"AppreRo queRafabrica dalla deRra, & dalla finifira faceuano altre cafe,le quali haueuano le porte proprie particolari , e tutte le commodità appartenenti all ’ habitarui , & in quelle alloggiaua - ( no iforefiieri : perche era quefla ufanza appreffo quei popoli , che venuto vn forefiiero j il primo giorno lo menauano à mangiar feco,e poi gli aflegnauano vno alloggiamento in dette cafe , e li man - dauano tutte le cofe necefiarie al uiuere : onde ueniuano i foreRieri ad elfer liberi da ogni rilpetto , & efler come in cafa Ria propria ."
AC-B2-P115-05,2,XI,3,116,condition,column_order,orders_and_detail,0.57,True,automatic_unverified_candidate,"P , I tre portici che hanno le colonne picciole . Q , Triclini Ciziceni , e Cancellane , ouero luoghi da dipingere ."
AC-B2-P118-01,2,,,119,purpose,vertical_dimension,vertical_dimensioning,0.57,True,automatic_unverified_candidate,"Facendo di melticri f abricare nel monte ; eleggali un ( ito,che à temperata regione del Ciclo lia riuolto,c che nè da monti maggio ri habbia continua ombra,nè per lo percuoter del Sole in qualche rupe uicina quali di due Soli Tenta l ’ ardore : perche nell ’ vno,e nell ’ altro cafo farà pefsimo l ’ habitarui ."
AC-B2-P118-09,2,,,119,purpose,roof,roof,0.57,True,automatic_unverified_candidate,"L ’ Ara doue fi trebbia il grano deue elfer elpofia al Sole , fpatiofa , & ampia , battuta , & alquanto colma nel mezo ; & intorno , ò almeno da una parte haucre i portici : accioche nelle repentine pioggie fi polfano i grani condurre predo al coperto : e non farà troppo uicina alla cafa del Padrone per la poluere ; ne tanto lontana , che non polfa elfer ueduta ."
AC-B2-P119-01,2,,47,120,measurement_statement,vertical_dimension,vertical_dimensioning,0.57,True,automatic_unverified_candidate,"La Sala è in uolto alta quanto larga,e la metà più : à queda altezza giugne ancho il uolto delle loggie :"
AC-B2-P119-02,2,,47,120,purpose,opening,openings_and_light,0.57,True,automatic_unverified_candidate,"Et è da auertirfi che non fi ha hauuto molta confideratione nel metter le leale minori in luogo,chehabbiano lume viuo ( come habbiamo ricor dato nel primo libro ) perche non hauendo effe à feruire,fe non à i luoghi di fotto , & à quelli di fopra , i quali feruono per granari ouer mezati ; fi ha hauuto rifguardo principalmente ad accommodar be ne l ’ ordine di mezo : il quale è per l ’ habitatione del Padrone,e de ’ fòreflieri : eie Scale,che àqueH ’ or dine portano ; fono pofte in luogo attifsimo , come fiuede neidifegni ."
AC-B2-P119-03,2,,47,120,purpose,circulation,circulation,0.57,True,automatic_unverified_candidate,"E ciò farà detto ancho per auertenza del prudente lettore per tutte le altre fabriche feguenti di un ’ ordine folo rpercioche in quelle,che ne hanno due belli, & ornati ; ho curato che le Scale fiano lucide,e pofie in luoghi cornino di : e dico due ; perche quello,che uà fotto terra per le cantine , e limili ufi , e quello che và nella parte di fòpra,eferue per granari,e mezatinon chiamo ordine principale , pernondarfi all ’ habitatione de ' Gentil ’ huomini . $ CMS Q m ' mm "" Th LA SEGVENTE"
AC-B2-P120-01,2,,48,121,measurement_statement,vertical_dimension,vertical_dimensioning,0.57,True,automatic_unverified_candidate,Fa bafa à tutta la fabrica vn picdeftilo alto cinque piedi : a quella altezza è il pauimento delle ftanze : lequali tutte fono in fo lade fono Hate ornate di Grottelche di bellifsima inuentione dal Giallo Fiorentino .
AC-B2-P120-02,2,,48,121,purpose,column_order,orders_and_detail,0.57,True,automatic_unverified_candidate,La Cornice come corona circonda tutta la ca - fa . Il frontefpicio fopra loggie fa vna bellifsima uifta : perche rende la parte di mezo più eminente dei fianchi .
AC-B2-P121-01,2,,49,122,measurement_statement,vertical_dimension,vertical_dimensioning,0.57,True,automatic_unverified_candidate,"Sopra vn bafamento , il quale circonda tutta la fabrica , è il pauimento delle danze : lequali tutte fono fatte in uolto : l ’ altezza de i uolti delle maggiori è fecondo il modo fecondo delle altezze de ’ volti ."
AC-B2-P121-02,2,,49,122,measurement_statement,vertical_dimension,vertical_dimensioning,0.57,True,automatic_unverified_candidate,"Le quadre hanno le lunette ne gli an goli,al diritto delle fmeftre : i camerini appreflb la loggia,hanno i uolti àfafcia,e coli ancho la ìala : il volto della loggia è alto quanto quello dertafala,efuperano tutti due l ’ altezza delle danze ."
AC-B2-P122-01,2,,50,123,purpose,other,unclassified,0.57,True,automatic_unverified_candidate,"Le ca - ’ mere di fopra fono come mezati per la loro balfezza,perche fono alte folo otto piedi . ( K ÀAAAAA AAAA LA SOTTOPOSTA \"
AC-B2-P123-01,2,,5,124,measurement_statement,column_order,orders_and_detail,0.57,True,automatic_unverified_candidate,La facciata della cafa del pa drone ha quattro colonne di ordine Ionico : il capitello di quelle de gli angoli fa fronte da due parti : i quai capitelli come fi facciano ; porrò nel libro de i Tempij .
AC-B2-P124-01,2,,5,125,measurement_statement,construction,construction,0.57,True,automatic_unverified_candidate,"Le ftanze maggiori fono lunghe un quadro e tre quarti : i uolti fono à fchiffo , alti fecondo il fecondo modo delle altezze de ’ uolti : le mediocri fono quadre, & inuoltate a cadino :"
AC-B2-P124-02,2,,5,125,measurement_statement,room_proportion,space_organization_and_proportion,0.57,True,automatic_unverified_candidate,"I camerini,e l ’ andito fo no di uguale larghezza : i uolti loro fono alti due quadri :"
AC-B2-P124-03,2,,5,125,measurement_statement,vertical_dimension,vertical_dimensioning,0.57,True,automatic_unverified_candidate,"La entrata ha quattro colonne,il quinto più fottili di quelle di fuori : lequali foftentano il pauimento della Sala,e fanno l ’ altezza del uolto bella,e fecura ."
AC-B2-P124-04,2,,5,125,measurement_statement,column_order,orders_and_detail,0.57,True,automatic_unverified_candidate,"Nei quattro nicchi,che ui fi ueggono fono flati fcolpiti i quattro tempi dell ’ anno da Metter Aleifandro Vittoria Scultore eccellente : il primo ordine delle colonne è Dorico , il fecondo Ionico ."
AC-B2-P124-05,2,,5,125,measurement_statement,room_proportion,space_organization_and_proportion,0.57,True,automatic_unverified_candidate,"Le ftanze di fopra fono in folaro : L ’ altezza della Sala giugne fin fiotto il tetto . Ha quella fabrica due flrad e dai fianchi , doue fono due porte , fopra le quali ui fono anditi , che conducono in cucina , e luoghi per feruitori . < & + f o * cr : a - Y 8 iH « ■ I LA FABRICA"
AC-B2-P125-01,2,,53,126,measurement_statement,room_proportion,space_organization_and_proportion,0.57,True,automatic_unverified_candidate,"Il primo ordine delle loggie è Ionico . La Sala è polla nella parte più a dentro della cala , acciochefia lontana dal caldo , e dalneddo rie ale oueliueggono infochi fono larghe la terzaparte della fua lunghezza : le colonne rifondono al diritto delle penultime delle loggie , e fono tanto di ttanti tra fé,quanto alte : le ftanze maggiori fono lunghe un quadro , e tre quarti : i uolti fono alti fecon do il primo modo delle altezze de ’ volti : le mediocri fono quadre il terzo più alte che larghe - , i uolti fono à lunette rloprai camerini vi fono mezati ."
AC-B2-P126-01,2,,54,127,purpose,room_proportion,space_organization_and_proportion,0.57,True,automatic_unverified_candidate,"La loggia difetto è di ordine Ionico : Nella Sala terrena fono quattro colonne,accioche ha proportionata l ' al tezza alla larghezza ."
AC-B2-P126-02,2,,54,127,measurement_statement,vertical_dimension,vertical_dimensioning,0.57,True,automatic_unverified_candidate,"La loggia di fopra è di ordine Corinthio, & ha il poggio alto due piedi , etre quarti ."
AC-B2-P127-01,2,,55,128,measurement_statement,opening,openings_and_light,0.57,True,automatic_unverified_candidate,"Le Cantine , i Granari , le Stalle , e gli altri luoghi di \ £ il - la fono dall ’ vna,e l ’ altra parte della cala dominicale,e neUeflremità loro vi fono due colombaie , che apportano utile al padrone, & ornamento al luogo , e per tutto fi può andare al coperto : ilche è vna delle principal cole,che fi ricercano ad vnacafa di Villa , come è flato auertito di fopra ."
AC-B2-P128-01,2,,5,129,measurement_statement,vertical_dimension,vertical_dimensioning,0.57,True,automatic_unverified_candidate,"Continua quella altezza ancho nella Sala : i camerini apprettò la log gia fono in uolto : la altezza de ’ uolti al pari di quella delle ftanze : di lotto vi fono _ ^ le Cantine , e di l ' opra il Granaro : il quale occupa tutto il corpo della cafa ."
AC-B2-P129-01,2,,57,130,measurement_statement,vertical_dimension,vertical_dimensioning,0.57,True,automatic_unverified_candidate,"Ha quella fabrica la commodita ricordata di fopra , cioè che per tutto fi può andare al coperto : il pauimento delle ftanze per vfo del padrone è alto da terra dodici piedi : lotto quelle ftanze ui fono le commodita per la famiglia , e di lopra altre ftanze , che ponno feruire per granari, & ancho per luoghi da habitarui,venendo l ’ occafione : le Scale princi pali fono nella facciata dauanti della cala,e rifondono fotto i portici del cortile . f ramami ì i J 0 0 HH IN POGLIANA"
AC-B2-P130-01,2,,58,131,measurement_statement,vertical_dimension,vertical_dimensioning,0.57,True,automatic_unverified_candidate,"58 LIBRO IN POGLIANA Villa del Vicentino è la fottopofta fabrica delCaualierPogliana : lefuc flanze fono Rate ornate di pitture,e ftucchi bellifsimi da Mefler Bernardino India , & Melfer Anfel - moCanerapittori Veronefi,edaMeirer Bartolomeo Rodolfi Scultore Veroncfe : le danze grandi fono lunghe vn quadro,e due terzi,e fono in uolto : le quadre hanno le lunette ne gli angoli : fopra i camerini ui fono mezati : la altezza della Sala è la metà più della larghezza , e uiene ad ellere al pari dell ’ altezza della loggia : la fala è inuoltata à falcia,e la loggia à crociera : fopra tutti quelli luoghi è il Granaro,e lotto le Cantine , e la cucina : percioche il piano delle flanze fi alza cinque piedi da terra :"
AC-B2-P131-01,2,,,132,measurement_statement,vertical_dimension,vertical_dimensioning,0.57,True,automatic_unverified_candidate,"Francefco Valmarana . Le loggie fono di ordine Ionico : le colonne hanno lot to vna bafa quadratile gira intorno à tutta la cala : a quella altezza è il piano delle loggie , e delle ftan ze,le quali tutte fono in folaro : ne gli angoli della cala ui fono quattro torri : le quali fono in uolto : la l ' ala anco è inuoltata à falcia :"
AC-B2-P132-02,2,,6,133,purpose,room_proportion,space_organization_and_proportion,0.57,True,automatic_unverified_candidate,E perche ciafcuna faccia ha bellilsime uille ; ui ; uanno quattro loggie di ordine Corinthio : fopra i frontefpicij delle quali forge la cupola della Sala .
AC-B2-P132-03,2,,6,133,measurement_statement,column_order,orders_and_detail,0.57,True,automatic_unverified_candidate,"Le loggie,che tendono alla circonferenza fanno vngratifsimo a ( petto : più prelfo al piano fono i fenili,le cantine,le Ralle,i granari,i luoghi da Gallai - do, & altre ftanze per vlo di Villa : le colonne di quelli portici fono di ordine Tofcano : fopra il fiume ne gli angoli del cortile ui fono due colombare . liML 1 ffl T SE alili LA FABRICA"
AC-B2-P133-01,2,,61,134,measurement_statement,column_order,orders_and_detail,0.57,True,automatic_unverified_candidate,Le colonne dei portici fono di ordine Dorico : gli intercolunnij fono quattro diametri di colonna :
AC-B2-P134-01,2,,2,135,measurement_statement,room_proportion,space_organization_and_proportion,0.57,True,automatic_unverified_candidate,"La Sala è nel mezo della cafa, & ha intorno alcune colonne Ioniche,fopra le quali è vn poggiuolo al pari del piano delle danze di fopra :"
AC-B2-P134-02,2,,2,135,measurement_statement,room_proportion,space_organization_and_proportion,0.57,True,automatic_unverified_candidate,"Il volto di quella Sala giugne fino fotto il tetto : le danze grandi hanno i uolti à fchiffo,e le quadrate à mezo cadino,e fi alzano in modo,che fanno quattro torricelle ne gli angoli del la fabrica : i camerini hanno fopra i loro mezati : le porte de ’ quali rifpondono al mezo delle fcale ."
AC-B2-P134-03,2,,2,135,purpose,construction,construction,0.57,True,automatic_unverified_candidate,"Sono le fcale fenza muro nel mezo,e perche la fala per riceuere il lume di fopra è luminofifsima , effe ancora hanno lume à badanza,e tanto più che elfendo uacue nel mezo ; riceuono il lume ancho di fo pra : in vno de ’ coperti,che fono per fianco del cortile ui fono le cantine,e i granari,e nell ’ altro le dal le ^ i luoghi per la Villa ."
AC-B2-P136-01,2,,4,137,measurement_statement,opening,openings_and_light,0.57,True,automatic_unverified_candidate,"Ha quello palagio vna loggia dauanti la porta di ordine Dorico : per quella fi palla in vn ’ al - tra loggia,e di quella in vn cortile : il quale ha ne i fianchi due loggie : dall ’ vna , e l ’ altra tefta di quelle loggietònogliappartamentidelleftanze,dellequali alcune fono fiate ornate di pitture da Melfer Giouanni Indemio Vicentino huomo di bellifsimo ingegno ."
AC-B2-P136-02,2,,4,137,measurement_statement,circulation,circulation,0.57,True,automatic_unverified_candidate,"Rincontro all ’ entrata fi troua vna loggia limile à quella dell ’ entrata,dalla quale fi entra in vn ’ Atrio di quattro colonne , c da quello nel cortile , il quale ha i portici di ordine Dorico,e ferue per l ’ vfo di Villa ."
AC-B2-P137-01,2,,6,138,measurement_statement,vertical_dimension,vertical_dimensioning,0.57,True,automatic_unverified_candidate,"Le ftanze del padrone hanno il piano loro alto da terra tredici piedi,e fono in folaro,fopra quelle ui fono i granari , & nella parte di lotto , cioè nell ' altezza de i tredcci piedi ui fono dilpofte le cantine,i luoghi da fare i uini , la cucina , & altri luoghi limili ."
AC-B2-P137-02,2,,6,138,measurement_statement,room_proportion,space_organization_and_proportion,0.57,True,automatic_unverified_candidate,"LaSalagiugne con la fua altezza fin lòtto il tetto , & ha due ordini di feneftre ."
AC-B2-P138-01,2,,66,139,measurement_statement,opening,openings_and_light,0.57,True,automatic_unverified_candidate,"66 L I B R O A S ANTA SofìaluogovicinoàVeronacinquemigliaèlafeguentefabricadelSignorConte Marc ’ Antonio Sarego porta in vn bellifsimo fito , cioè fopra vn colle di afcefa facilifsima,che difcuo - pre parte della Città, & è tra due Vailette : tutti i colli intorno fono amenifsimi , e copio ! ! di buonifsi - me acque ; onde quefta fabrica è ornata di giardini, & di fontane marauigliofe ."
AC-B2-P140-01,2,,6,141,measurement_statement,vertical_dimension,vertical_dimensioning,0.57,True,automatic_unverified_candidate,"Fa bafamento à tutta la fabrica vn piedeftilo alto quattro piedi , e mezo ; & a quell a altezza è il pauimento delle prime ftanze,Torto le quali ui Tono le Cantine , le Cucine , & altre itanze pertinenti ad allogar la famiglia : le dette prime ftanze Tono in uolto, & le feconde in Tolaro : appref - Toquefta fabrica ui è il cortile per le cole di Villa , con tutti quei luoghi che à tal uloliconuen - gono . sESassaffl : © SI I S WW iv É Iw te a Il « PS f s « 5 ^ - ' N gs SS 1 I gag » ówWwc MI ™ : v ; ; \ ■ ."
AC-B2-P141-01,2,XVI,6,142,purpose,other,unclassified,0.57,True,automatic_unverified_candidate,"SECONDO . 6 $ DELLA CASA DI VILLA DE GLI ANTICHI . Cap . XVI . O FIN QVI porto i difegni di molte fabriche di Villa da me ordinate : refta ch ’ io ponga ancho il d ifegno d ella cala di Villa,che,fecondo quello,che ne dice Vi truuiojfoleuano fare gli Antichi : percioche in elfo li uederanno tutti i luoghi appar tinenti all ’ habitatione, & all ’ vfo di Villa collocati alle regioni del Ciclo , che àloro fi conuengono : nò mi crtenderò in referire quello,che ne dice Plinio : perche hora il mio principale oggetto è { blamente di inoltrare come li debba intendere Vitru - uio in quella parte ."
AC-B2-P141-03,2,XVI,6,142,condition,opening,openings_and_light,0.57,True,automatic_unverified_candidate,"Io ho fatto in tutte le fabriche di Villa , & ancho in alcune della Città il Frontelpicio nella facci ata dinanti ; nella quale fono le porte principali : percioche quelli tali Frontelpici acculano l ’ entrata della cala, & feruono molto alla grandezza,e magnificenza dell ’ opera ; facendoli in quello modo la parte dinanti più eminente dell ’ altre parti coltra che riefconocommodifsimi per le Infegne,ouero Armi degli Edificatori , le quali li Cogliono collocare nel mezo delle facciate ."
AC-B2-P143-02,2,XVII,71,144,measurement_statement,vertical_dimension,vertical_dimensioning,0.57,True,automatic_unverified_candidate,"La entrata è quadra , & ha quat tro colonne : le quali tolgono Tufo il uolto , e proportionano la altezza alla larghezza : dal - l ’ vna , e l ’ altra parte ni fono due danze lunghe vn quadro , e due terzi ; alte fecondo il primo modo dell ’ altezza de ’ uolti : apprelfo ciafcuna ui è vn camerino , c fcala da falir ne i mezati : in capo dell ’ entrata io ui facea due danze lunghe vn quadro c mczo , 8c apprelfo due camerini dellamedelìma proportione,conlefcale , che portaifero ne i mezati : e più oltra la Sala lunga vn quadro e due terzi con colonne vguali à quel le dell ’ entrata : apprelfo ui direbbe data vna loggia , nei cui fianchi farebbono date le fcale di forma ouale , e più alianti la corte , à canto la quale farebbono date le cucine ."
AC-B2-P143-03,2,XVII,71,144,measurement_statement,vertical_dimension,vertical_dimensioning,0.57,True,automatic_unverified_candidate,"Le fecon de danze , cioè quelle del fecondo ordine haurebbono hauuto di altezza piedi uenti , e quelle del terzo xviij ."
AC-B2-P143-04,2,XVII,71,144,measurement_statement,vertical_dimension,vertical_dimensioning,0.57,True,automatic_unverified_candidate,"Mal ’ altezza dell ’ vna , e l ’ altrafaladirebbe data lino dotto il copertoi e quede Tale haurebbono hauuto al pari del pia no delle danze fuperiori alcuni pogginoli , c ’ ha - urebbonoferuito ad allogar pendone dirifpetto al tempo di fede , banchetti,e limili follazzi ."
AC-B2-P144-01,2,,7,145,measurement_statement,column_order,orders_and_detail,0.57,True,automatic_unverified_candidate,"7 » LIBRO FECI per vn fito in Venetia la fottopoda inuentione : la faccia principale ha tre ordini di colonne , il primo è Ionico , il fecondo Co - rinthio, & il terzo Comporto ."
AC-B2-P144-02,2,,7,145,measurement_statement,circulation,circulation,0.57,True,automatic_unverified_candidate,"Rincontro al l ’ entrata ui è vn ’ andito , per il quale li entra in vn ’ altra Sala minore , la quale da vna parte ha vnacorticella , dalla quale prende lume,t dal l ’ altra la fcala maggiore,e principale di forma ouata , euacuanelmezo , con le colonne in torno , che tolgono fufo i gradi : più oltre per vn ’ altro andito lì entra in unalo2sia,le cui co - lonne fono Ioniche vguali a quelle dell ’ entra ta ."
AC-B2-P144-03,2,,7,145,purpose,room_proportion,space_organization_and_proportion,0.57,True,automatic_unverified_candidate,"L aparte di fopra c limile à quella di fot - to , eccetto che la fala , che è fopra la entrata non ha colonna , e giugne con la fua altezza li - r o fotto il u tto,St ha vn corritoi ' e,ò poggino lo al piano delle terze danze , che feruirebbe archoalle lìnedre di fopra : perche in queda Sala ue ne farebbono due ordini ."
AC-B2-P144-04,2,,7,145,measurement_statement,room_proportion,space_organization_and_proportion,0.57,True,automatic_unverified_candidate,"La Sala minore haurebbe la trauatura al pari de i volti dellefeconde danze,e farebbono quedi uolti alti uentiti cpiedi : le danze del terzo ordine farebbero in folaio di altezza di diceotto piedi ."
AC-B2-P145-01,2,,3,146,purpose,vertical_dimension,vertical_dimensioning,0.57,True,automatic_unverified_candidate,"S E C O N DO . 7 3 F E C I giàrichieftò dal Conte Fràticelco , & Conte Lodouico fratelli "" de ’ Trifsini , per un loro Zi to in Viéenza la feguenteinuétionerfecódo laquale haurebbe hauuto la cala un ’ entrata quadra di - uilà in tre { paci ) da colonne di ordine Corinthio,accioche il volto fuo hauelfe hauuto fortezza,e pro - portione ."
AC-B2-P145-02,2,,3,146,measurement_statement,vertical_dimension,vertical_dimensioning,0.57,True,automatic_unverified_candidate,"L ’ altezza delle danze maggiori farebbe data piedi ventifette : e delle mediocri,e minori deceotpp ."
AC-B2-P147-01,2,,75,148,measurement_statement,column_order,orders_and_detail,0.57,True,automatic_unverified_candidate,"Le colonne della faccia ta fono di ordine Compofito . Le itanze acanto l ’ entrata fono lunghe un quadro , e due terzi : apprelfo vi è un camerino , e fopra quello un me - zato ."
AC-B2-P147-02,2,,75,148,measurement_statement,column_order,orders_and_detail,0.57,True,automatic_unverified_candidate,"Si paffa poi in una corte cir condata da portici : le colonne fono lunghe piedi trentafei, & hanno die tro alcuni pilaftri da Vitruuio detti Paraftatice , che foftentano il paui - mento della feconda loggia : fopra la quale ue ne è vn ’ altra difcoperta al pari del piano dell ’ ultimo folaro della cala , & ha i poggiuoli intorno ."
AC-B2-P147-03,2,,75,148,measurement_statement,column_order,orders_and_detail,0.57,True,automatic_unverified_candidate,Sopra le colonne della facciata fi potrebbe fare un poggiuolo : il quale in molte occa - lioni tornerebbe commodifsimo . . . . - * - . 1 - ^ - - ^ ‘ 8 50 © © © © © • fra Itati ■ J | ' m ) 7 jfjB 1 ? mt f m ftea kk z IN VERONA
AC-B2-P148-01,2,,6,149,measurement_statement,room_proportion,space_organization_and_proportion,0.57,True,automatic_unverified_candidate,"L ’ altezza della Sala farebbe aggiunta fin lotto il tetto, & al pari del piano dellafoffitta ui farebbe fiato vn corrittore , ò poggiuolo , e dalla loggia,e dalle fineftre melfe ne i fianchi haurebbe prefo il lume ."
AC-B2-P149-01,2,,77,150,measurement_statement,vertical_dimension,vertical_dimensioning,0.57,True,automatic_unverified_candidate,La altezza de i volti delle ftanze maggiori è fecondo ; il terzo modo dell ’ altezza ; de ’ volti : i volti de i Ca - ; merini fono alti piedi Tedi ci .
AC-B2-P150-01,2,,66,151,purpose,column_order,orders_and_detail,0.57,True,automatic_unverified_candidate,"La loggia che è nel mezo della facciata,è di fpelTe colonne,lequali perche fono alte xl . piedi ; hanno di dietro alcuni pilafiri larghi due piedi,e grofsi vn piede & un quarto,che fofientano il piano della lecon da loggia,e più a dentro fi trouail cortile circondato da loggie di ordine Ionico :"
AC-B2-P150-02,2,,66,151,measurement_statement,column_order,orders_and_detail,0.57,True,automatic_unverified_candidate,"I portici fono larghi quanto è la lunghezza delle colonne,meno un diametro di colonna :"
AC-B2-P150-03,2,,66,151,measurement_statement,room_proportion,space_organization_and_proportion,0.57,True,automatic_unverified_candidate,"Della ifiella larghezza fono an ello le loggie,e le flanze,che guardano foprai giardini : acciò clie ’ l muro , che diuide un membro dal l ’ altro fia poBo in mezo per fofientare il corno del coperto ."
AC-B2-P150-04,2,,66,151,condition,other,unclassified,0.57,True,automatic_unverified_candidate,"Le prime Banze fiirebbono molto commo de al mangiare,quando ni interueniife gran quantità di perfone : e fono di proportione doppia ."
AC-B2-P150-05,2,,66,151,purpose,room_proportion,space_organization_and_proportion,0.57,True,automatic_unverified_candidate,"La Sala è lunga due quadri , e mezo , le colonne ui fono poBeper proportionare la lunghezza,e la larghezza,all ’ altezza,e farebbono queBe colonne folo nella Sala ter rena,perche quella di fopra farebbe tutta libera ."
AC-B3-P157-01,3,,,158,purpose,other,unclassified,0.57,True,automatic_unverified_candidate,"Proemio a i Lettori . AVENDO io trattato à pieno de gli edifici ; priuati , e ricordato tutti quel li più neceflarij auertimenti , che in loro fi deuono hauere : & oltre acciò hauen do porto idifegni di molte di quelle calè , che da me fono ftate ordinate den tro , e fuori delle Città , & di quelle , che ( come ha Vitruuio ) faceuano gli an tichi : è molto conueneuole cne indrizzando il parlar mio à più eccellenti , & à più magnifiche fabriche , pasfi hora à gli edifici ; publichi : ne quali , perche di 1 maggiorgrandezzafifanno,econpiùrariornamenti,cheipriuati,eferuonoà ufo,e commo do di cialcunoi hanno i Principi molto ampio campo di far conofcere al mondo la grandezza del j l ’ animo loro ; e gli Architetti bellisfima occafione di dimoftrar quanto esfi uagliano nelle belle , & merauigliofe inuentioni ."
AC-B3-P157-02,3,,,158,condition,other,unclassified,0.57,True,automatic_unverified_candidate,"Età ciatcuno , che non fia dei tutto priuo di giudicio j può elfer mol to manifefto quanto il modo , che teneuano gli antichi nel fabricar folfe buono : quando che do po tanto fpacio di tempo , c dopo tante mine , e mutationi di 1 mperij , ne fiano rimafi in Italia , e fuori i ueftigij di tanti lorfuperbi edificij , per liqualinoi ueniamo in certa cognitione della uir - tù , e della grandezza R omana , che altrimente forfè non farebbe creduta ."
AC-B3-P158-01,3,,,159,measurement_statement,temple,building_type_and_composition,0.57,True,automatic_unverified_candidate,"e PROEMIO . c gli altri ; & à difenderli da chi uolelfe opprimerli : ilche è potisfima cagione , die gli habitatori di alcuna Regione , elfendo dilperfi in molte , e picciole parti ; li unifcano inficine , e facciano le Cittadi : onde fecero gli antichi Greci nelle lor Città ( come racconta Vitruuio ) alcuni edifici ; , che chiamarono Paleltre,e Xifti,ne ’ quali lìriduceuanoi Filofofiàdifputar delle Icienze , et i Giouani ogni giorno fi efercitauano ; & in alcuni tempi determinati ui fi raunaua il Popolo à ue - der combattere gli Athlèti - , fi porranno anco i difegni di quelli edifici ; : e coli farà pollo fine à que Ho Terzo Libro : dietro alquale feguirà quel de Tempij appartenente alla religione , fenza la quale è imposfibile che fi mantenga alcuna Ciuilità . 4 — * ■ J , T I Q ^ V ESTÀ lineaè lametàdel piede Vicentino , co ' l qualclòno flati mifurati i Ce rnenti Edifici ; ."
AC-B3-P159-04,3,,,160,condition,other,unclassified,0.57,True,automatic_unverified_candidate,"Dirò primaparticolarmente le qualità,che deuonohauer quelle delle Città , e poi come fi deuono far quelle di fuori , E conciofiache al tre fiano , che fi chiamano militari , lequali padano per mezo le Città , & conducono da una Cit tà ad un ’ altra, & feruono ad uniuerfale ufo de ’ uiandanti ; e fono quelle,per lequali uanno gli efer citi , & fi conducono i carriaggi : & altre non militari ; lequali dalle militari partendoli,ouero con ducono ad un ’ altra uia militare , ouero fono fatte per ufo,e commodo particolar di qualche Vil la ; tratterò ne ’ feguenti capitoli delle militari fidamente , lafciando da parte le non militari ; per che quelle fi deuono regolar fecondo quelle ; e quanto faran loro più limili , tanto faranno più commendabili ."
AC-B3-P161-01,3,,9,162,measurement_statement,opening,openings_and_light,0.57,True,automatic_unverified_candidate,"Lorenzo ; e la terza dallaporta Neuia,cioè da porta Maggio re ^ conduceuano quelle due uie alla città di Prenefte,hoggi detta Pelleftrino, & alla Famofa cit tà di Labicana ."
AC-B3-P161-02,3,,9,162,measurement_statement,vertical_dimension,vertical_dimensioning,0.57,True,automatic_unverified_candidate,"Ma tra tutte do - ueua elfer di fomma bellezza, & commoditàla uia Portuenfe , laqual da Roma conduceua à Ho - ftia ; percioche ( come dice l ’ Alberti di hauer olTeruato ) era diuifa in due Brade,tra l ’ una , e l ’ altra dellequali era un corfo di pietre un piede più alto del rimanente,e feruiua per diuifione : per una di quelle uie fi andaua,e per l ’ altra fi tornaua,fi : hifando l ’ offela dell ’ intrarfi : inuentione molto co moda al grandisfimo concorlò di perfone che à que ’ tempi era à Roma da tutto il Mondo ."
AC-B3-P161-03,3,,9,162,condition,other,unclassified,0.57,True,automatic_unverified_candidate,"Fece ro gli antichi quelle lor uie militari in due modi,cioè ò laftrigandole di pietre,ouero coprendole tutte di ghiara,e di fabbia ."
AC-B3-P161-04,3,,9,162,measurement_statement,vertical_dimension,vertical_dimensioning,0.57,True,automatic_unverified_candidate,"Le uie della prima maniera ( per quato da alcuni ueftigi s ’ è potuto con ictturare ) erano diuife in tre Ipacij : per quel di mezofilquale era più alto de gli altri due, & ilqua - lc era alquanto colmo nel mezo,acciò Tacque potettero ( correre et non ui fi affermafterojandaua no i pedoni, & era falicato di pietre incerte,cioè , di lati , e d ’ angoli difeguali : nel qual modo di fa licare,come è fiato detto altroue,ulauano una ( quadra di piombo,laquale apriuano c ferrauano , come andauano i lati, & gl ’ angoli delle pietre,onde le commetteuano benisfimo infieme , & ciò faceuano con pi ertezza : gli altri due fpacij,ch ’ erano dalle bande ; fi faceuano alquanto più basii , c ficopriuano di fabbia, & di ghiara minutale per quelli andauano i caualli ."
AC-B3-P161-05,3,,9,162,condition,opening,openings_and_light,0.57,True,automatic_unverified_candidate,"Eraciafcuno di que - fti margini largito per la metà della larghezza del Ipacio di mezo , dalquale erano diuifi con lafte di pietra porte in coltello ; & ogni tanto fpacio u ’ erano porte alcune pietre in piedi più alte del ri manente della ftrada fopra lequali faliuano , quando uoleuano montare à cauallo ; conciofiache gl ’ antichi non ufàlfero llaife ."
AC-B3-P161-06,3,,9,162,purpose,opening,openings_and_light,0.57,True,automatic_unverified_candidate,"Della feconda maniera non mi è parfo necelfario ilfarne dilegno alcuno , perche è cola facilisfima,ne ui è bifogno di alcu na induftria purché fi facciano colme nel mezo , onde l ’ acqua non ui fi porta affermare ."
AC-B3-P163-02,3,IIII,,164,measurement_statement,room_proportion,space_organization_and_proportion,0.57,True,automatic_unverified_candidate,"Cap . IIII . ONCIOSIACHE molti fiumi per la loro larghezza , altezza , & uclocità non fi polfano paffare a guazzo , fu prima penfato allacommodità de ’ ponti : onde fi può dire che esfi liano parte principal della uia , & che altro non fiano , che una lìrada fatta fopra dell ’ acqua ."
AC-B3-P163-03,3,IIII,,164,condition,urban_public,urban_and_public_architecture,0.57,True,automatic_unverified_candidate,"Saranno commodi , quando non fi alzeranno dal rimanente della uia, & alzandoli haranno la falitalor facile ; & quando fi eleggerà quel luogo per fabricarli , che farà commodisfimo a tutta la Prouincia , ouero à tutta la Città , fe condo che lì fabricheranno ò fuori , ò dentro delle mura : e però fifaràelettionediquel luogo , alquale da tutte le parti facilmentefipolfa andare , cioè che fia nel mezo della Prouincia,ouero nel mezo della Città,come fece Nitocre Regina di Babilonia nel ponte ch ’ ella ordinò lòpra l ’ Eu frate e non in un ’ angolo , oue polla feruire fidamente à ufo depochi ."
AC-B3-P163-12,3,IIII,,164,condition,urban_public,urban_and_public_architecture,0.57,True,automatic_unverified_candidate,"Di quella maniera fi legge che fu edificato da Hercoleil primo ponte che folfe giamai fatto lòpra il Teuere nel luogo , doue fu poi edificata Roma , quando hauen - do egli occifo Gerione menaua uittoriolo il fuo Armento per Italia , e fu detto Ponte Sacro : & era limato in quella parte del Teuere , doue poi fu fatto il Ponte Sublicio dal R e Anco Martio , ilquale era fimilmente tutto di legname , e le fue traui erano con tanto artificio congionte , che fi B B B 2 poteuano"
AC-B3-P164-01,3,VI,12,165,purpose,other,unclassified,0.57,True,automatic_unverified_candidate,"12 LIBRO poteuanoleuare , e porre fecondo il bifogno , ne ui era ferro , ò chiodo alcuno ; come egli fo ile fatto non li fa , fe non che gli fcrittori dicono , ch ’ era fatto fopra legni grosfi , che fofteneuano gli altri , da quali egli prefe il nome di Sublicio , perche tai legni in lingua Volfca fi chiamauano fublices ."
AC-B3-P164-04,3,VI,12,165,measurement_statement,room_proportion,space_organization_and_proportion,0.57,True,automatic_unverified_candidate,"Deuono ertale tra - ui , coli quelle , che uanno conficate nell ' acqua , come quelle che fanno la larghezza e lunghez za del ponte , lunghe , & graffe fecondo che ricercherà la profondità , la larghezza , e la uelocità del fiume ."
AC-B3-P164-06,3,VI,12,165,measurement_statement,urban_public,urban_and_public_architecture,0.57,True,automatic_unverified_candidate,"DEL PONTE ORDINATO DA CESARE fopra il Rheno . Cap . VI . AVENDO Iulio Cefare ( come egli dice nel quarto Libro de ’ fuo Commen tarij ) deliberato di paffar il Rheno , acciò che la poffanza Romana forte fenti - ta anco dalla Germania ; & giudicando che non forte cofa molto ficura , ne de gna di lui , ne del Popolo Romano , il palparlo con barche ; ordinò un Ponte , opera mirabile , & molto difficile perla larghezza , altezza , & uelocità del Fiu me ."
AC-B3-P165-01,3,,,166,measurement_statement,vertical_dimension,vertical_dimensioning,0.57,True,automatic_unverified_candidate,"Giugneua infie - me due traui , grolle un piede e mezol ’ una , dittanti due piedi tra fé,acute alquanto nella parte di lòtto , e lunghe fecondo che richiedeua l ’ altezza del fiume : & hauendo con machine affer mate quelle traui nel fondo del fiume , le ficcaua in quello co ’ l battipalo non diritte à piombo , ma inchinate , di modo che ftelfero pendenti à feconda dell ’ acqua ."
AC-B3-P165-03,3,,,166,measurement_statement,room_proportion,space_organization_and_proportion,0.57,True,automatic_unverified_candidate,"H , E ' la forma da per fe di una delle dette traui . C , Sono le traui grolfe per ogni uerfo due piedi , che faceuano la larghezza del Pon te , laqual era quaranta piedi ."
AC-B3-P165-04,3,,,166,measurement_statement,urban_public,urban_and_public_architecture,0.57,True,automatic_unverified_candidate,"I , E ’ una delle dette traui . D , Sono lefibule , lequali aperte , cioè diuile l ’ una dall ’ altra, & legate al contra rio , cioè una nella parte di dentro , e l ’ altra nella parte di fuori ; una fopra , e l ’ al tra fiotto delle traui grofse due piedi , che faceuano la larghezza del ponte ; ren - deuano tanto grande la fermezza dell ’ opera , che quanto era maggiore la uiolen za dell ’ acqua,e quanto più era carico il ponte,tanto più ella fi uniua,e fi fermaua ."
AC-B3-P165-05,3,,,166,measurement_statement,room_proportion,space_organization_and_proportion,0.57,True,automatic_unverified_candidate,"L , E * la tefta della traue 3 che faceua la larghezza del Ponte ."
AC-B3-P167-01,3,VII,5,168,purpose,urban_public,urban_and_public_architecture,0.57,True,automatic_unverified_candidate,"T E R Z * 5 DEL PONTE DEL CISMONE . Cap . VII , L Citinone è un fiume , ilquale ( tendendo dai Monti,che diuidono la Italia dalla Germania entra nella Brenta alquanto ( opra Badano ; e perche egli è ue - locisfimo , e per lui i montanari mandano giù grandisfima quantità di legnami , fi prefe rilolutione di farui un Ponte , fenza porre altrimenti pali nell ’ acqua ."
AC-B3-P167-03,3,VII,5,168,measurement_statement,room_proportion,space_organization_and_proportion,0.57,True,automatic_unverified_candidate,"Si diuife queda lar ghezza in fei parti eguali , & oue e 1 termine di ciafcuna parte ( fuor che nelle ripe , lequali fi for tificarono con due piladri di pietra ) fi pofero le traui , che fanno il letto , e la larghezza d el pon te ; { opra lequali , lafciatoui un poco di fpacio nelledremità loro,fi pofero altre traui per il lungo , lequali fanno le fponde : fopra quede , al diritto delle prime fi difpofero dall ' una , e l ’ altra parte , i colonnelli ( cofi chiamiamo uolgarmente quelle traui , che in fimili opere fi pongono diritte in piedi ) ."
AC-B3-P167-04,3,VII,5,168,purpose,column_order,orders_and_detail,0.57,True,automatic_unverified_candidate,"Quedi Ar pici ; perche fono nella parte di fopra à lungo i detti colonnelli diritti , e piani , e forati in più lo chi , & nella parte di fotto uicino alle dette traui grosfi , e con un fol foro affai grande ; furono in chiodati nel colonnello , e ferrati poi di fotto con danghette di ferro fatte à quedo effetto , onde rendono in modo unita tutta l ’ opera , che le traui , che fanno la larghezza , e quelle delle fpon de fimo come di un pezzo con i colonnelli , & in tal modo uengono i colonnelli àfodentar le tra ui , che fanno la larghezza del ponte ; e fono poi esfi fodentati dalle braccia,che uanno da un co lonnello all ’ altro : onde tutte le parti luna per l ’ altra fi fodentano , e tale uieneà effer la lor na tura,che quanto maggior carico è fopra il ponte , tanto piùfidringonoinfieme,e fanno mag gior la fermezza dell ’ opera ."
AC-B3-P168-02,3,VILI,5,169,purpose,room_proportion,space_organization_and_proportion,0.57,True,automatic_unverified_candidate,"Cap . Vili . I ponno fare i ponti di legno fenza porre pali nell ’ acqua , come è fatto il Pon te del Cifmone , in tre altre maniere , delle quali , perche fono di bellisfima in - uentione ; non hò uoluto lalciar di porre i difegni ; tanto più che facilmente fa ranno intefe da ciafcuno , c ’ harrà apprefo i termini ufati nel detto ponte del Cif mon,perche ancor quelli confiftono di traui polle per la larghezza,di colonnel li,di bracciali arpefi , e di traui polle per il lungo , che fanno le fponde ."
AC-B3-P168-04,3,VILI,5,169,measurement_statement,room_proportion,space_organization_and_proportion,0.57,True,automatic_unverified_candidate,"Fortificate le ripe con pila - flri fecondo che ricercherà il bifogno,fi porrà alquanto dilcofto da quelle una delle traui,che fan no la larghezza del Ponte , e poi fi difporranno fopra di lei le traui , che fanno le fponde , lequali con un capo loro aggiongeranno fopra la ripa , & à quella s ’ affermeranno : di poi lopra di quelle , al diritto della traue polla per la larghezza , fi porranno i colonnelli , iquali fi incateneranno alle dette traui con Arpefi di ferro , e faranno foftentati dalle braccia affermatè molto bene ne i capi del ponte , cioè nelle frani che fanno le fponde , lbpra la ripa : dapoi , lalciatoui tanto fpacio,quan to farà flato lafciato dalla detta traue della larghezza alla ripa ; fi porrà l ’ altra traue della larghez za ^ medefimamente s ’ incatenerà con le traui,che fopra quelle fi porranno per illungo del pon te ^ con i colonnelli ; & i colonnelli faranno lofte"
AC-B3-P168-05,3,VILI,5,169,measurement_statement,column_order,orders_and_detail,0.57,True,automatic_unverified_candidate,"ntati dalle lor braccia : e coli fi andarà facendo di ordine in ordine quàto farà di meftieri,olferuando fempre in quelli tai ponti,che nel mezo del la larghezza del fiume uenga un colonnello,nelqual le braccia di mezo s ’ incontrino : e fi porran no nella parte di fopra de ’ colonnelli altre traui , lequali giognendo da un colonnello all ’ altro , li leniranno infieme uniti,e faranno con le braccia polle ne ’ capi del ponte portione di cerchio mi nor del mezo circolo ."
AC-B3-P168-06,3,VILI,5,169,measurement_statement,room_proportion,space_organization_and_proportion,0.57,True,automatic_unverified_candidate,"Vengono quelli cofi fatti ponti a elfer larghi ne ’ capi loro , e fi uanno reftrignendo uerfo il mezo della lor lunghezza ."
AC-B3-P168-07,3,VILI,5,169,measurement_statement,room_proportion,space_organization_and_proportion,0.57,True,automatic_unverified_candidate,"A , E ' l ’ alzato del fianco del Ponte . B , Sono le tefte delle traui che fanno la larghezza . C , Sono le traui polle per la lunghezza . D , Sono i colonnelli . E , Sono le braccia,che affermate nelle traui della lunghezza foftentano i colonnelli ."
AC-B3-P169-01,3,,1,170,measurement_statement,room_proportion,space_organization_and_proportion,0.57,True,automatic_unverified_candidate,"TERZO . 17 k , Sono le feconde trauijlequali fono foftentate dalla prima , e dalla feconda traue della larghezza ."
AC-B3-P169-02,3,,1,170,measurement_statement,room_proportion,space_organization_and_proportion,0.57,True,automatic_unverified_candidate,"L j Sono le terze traili , lequali fon foftentate dalla feconda , e dalla terza traue della larghezza ."
AC-B3-P170-01,3,I,3,171,measurement_statement,urban_public,urban_and_public_architecture,0.57,True,automatic_unverified_candidate,"? 8 L I B R Q A , E il diritto 4el Ponte per fianco . 3 , Sono le traui , che fanno le Iponde del ponte ."
AC-B3-P170-03,3,I,3,171,measurement_statement,room_proportion,space_organization_and_proportion,0.57,True,automatic_unverified_candidate,"Tutti i cunei che fono fatti da i colonnel li rifponderanno al centro , fiche farà ! ’ opera fortisfima i colonnellifoftenteranno le traui po fte per la larghezza , e per la lunghezza del ponte , come ne fopradetti ."
AC-B3-P171-01,3,IX,9,172,measurement_statement,room_proportion,space_organization_and_proportion,0.57,True,automatic_unverified_candidate,"Quefta larghezza fi ditale in cinque parti eguali jpercioche fortificate molto bene tutte due le ripe , cioè i capi del ponte con traui di Rouere,e di Larice,fi Tecero nel fiume quattro ordini di pali , dittanti l ’ uno dal l ’ altro trentaquattro piedi , e mezo ."
AC-B3-P171-02,3,IX,9,172,measurement_statement,urban_public,urban_and_public_architecture,0.57,True,automatic_unverified_candidate,"Cialcuno di quelli ordini è di otto traui lunghe trenta pie di , grofie per ogni uerfo un piede e mezo , e dittanti luna dall ’ altra due piedi ; onde tutta la lun ghezza del ponte uenne à effer diuiTa in cinque fpacij ;"
AC-B3-P171-03,3,IX,9,172,condition,room_proportion,space_organization_and_proportion,0.57,True,automatic_unverified_candidate,"Se la larghezza Tua di uentiTei piedi . So pra i detti ordini fi poTero alcune traui lunghe fecondo la detta larghezza ( quefta forte di traui coli pofte uolgarmente fi chiamano Correnti ) lequali inchiodate alle traui lite nel fiume le tengo no tutte infieme congionte , & unite,Topra quelli correnti al diritto delle dette traui , fi dilpofero otto altre traui , lequali Tanno la lunghezza del ponte , e giongono da un ’ ordine all ’ altro : e per che la diftanza tra detti ordini è molto grande , onde con diTficultà le traui pofte per il lungo hau rebbono potuto reggere il carico , che lor fotte flato pollo Topra , quando fotte flato molto ; fi po Tero tra quelle & i correnti alcune traui , che Teruono per modiglioni , e Toftentano parte del cari co : oltre acciò fi ordinarono altre traui , lequali affermate in quelle , ch ’ erano fite nel fiume,e pie gate l ’ una uerfo dell ’ altra , andallèro à unirli con un ’ altra traue pofta nel mezo della detta diftan za Totto ciaTcuna delle traui dellalunghezza ."
AC-B3-P171-04,3,IX,9,172,measurement_statement,room_proportion,space_organization_and_proportion,0.57,True,automatic_unverified_candidate,"Quelle traui coli ordinate rendono l ’ alpetto di un ’ arco , ilqualehabbia di Trezza la quarta parte del Tuo diametro in tal modo l ’ opera rielce bella per la forma , e forte , per uenir le traui , che Tanno la lunghezza del Ponte ; àetter doppie nelmezo ."
AC-B3-P172-01,3,X,1,173,measurement_statement,material,materials,0.57,True,automatic_unverified_candidate,"H < 1 ì ' i I § ¥ 1 ' ^ ìéo li m PE I PONTI DI PIETRA , E DI QJV ELLO chenelTedificarlifideueofferuare ."
AC-B3-P173-02,3,XI,,174,purpose,room_proportion,space_organization_and_proportion,0.57,True,automatic_unverified_candidate,"I pilallri , cheli fanno per la larghezza del fiume ; de - uono effer di numero pari ; fi perche ueggiamo che la natura hà prodotto di quello numero tutte quelle cofe , che effendo più d ’ una , hanno da foflentar qualche carico , fi come le gambe de gli huomini , e di tutti gli altri animali ne fanno fede ; come anco perche quello tal compartimento è più uago da uedere , & rende l ’ opera più ferma : percioche il corlo del fiume nel mezo,nel qual luogo naturalmente egli è più ueloce , per elfer più lontano dalle ripe ; è libero , c non fa danno à pilallri co ’ l continuo percoterli ."
AC-B3-P173-10,3,XI,,174,measurement_statement,urban_public,urban_and_public_architecture,0.57,True,automatic_unverified_candidate,"Il Fabricio , edificato d a Fabricio , hoggi detto ponte quattro capi dalle quattro telle di Giano , ouer di Termine , lequali fono polle à man finillra en trando in elfo ponte : per quello ponte TIfola del Teuere fi congiogne alla città ."
AC-B3-P174-01,3,,2,175,purpose,urban_public,urban_and_public_architecture,0.57,True,automatic_unverified_candidate,"Il trionfale , i cui pilaltri lì ueggono rincontro alla Chiefa di Santo Spirito : il Ianiculenfe , coli chiamato per elfer uicino al Monte Ianiculo , ilquale perche è flato riftaurato da Papa Siilo 1111 . hora II dimanda Ponte Siilo ; & il Miluio hoggi detto Pon te Molle , pollo nella uiaFlaminia lontano da Roma poco meno di due miglia , ilquale non ritie ne altro di antico , che li fondaméti , e dicono che fu edificato al tempo di Siila da M ."
AC-B3-P174-02,3,,2,175,measurement_statement,room_proportion,space_organization_and_proportion,0.57,True,automatic_unverified_candidate,"Ma tra tutti i ponti celebri , per cofa marauigliofa è ricordato quello , che fece far Caligola da Pozzolo à Baie in mezo del mare di lunghezza poco meno di tre miglia , neiquale di cono ch ’ egli fpcfe tutti i denari dell ’ Imperio ."
AC-B3-P174-03,3,,2,175,purpose,urban_public,urban_and_public_architecture,0.57,True,automatic_unverified_candidate,"SVB IVGO ECCE RAPIDVS ET DANVBIVS . Quello ponte fu poi minato da Adriano accioche i Barbari non potelfero palfare à danni del le prouinciellomane,e i Tuoi pilaltri fi uedono ancora in mezo del fiume ."
AC-B3-P174-04,3,,2,175,measurement_statement,opening,openings_and_light,0.57,True,automatic_unverified_candidate,"Egli è diuifo in cinque archi , i tre di mezo fono eguali , di larghezza di uenticinque piedi ; & i due à canto le ripe fono minori , cioè larghi folo uenti piedi Tono tutti quelli archi dimezo circulo , & il lor modeno è per la decima parte della luce de ’ maggiori , e per l ’ ottaua parte della luce de ’ minori ."
AC-B3-P174-06,3,,2,175,measurement_statement,urban_public,urban_and_public_architecture,0.57,True,automatic_unverified_candidate,"B , E ' lafuperficiedell ’ acqua . C , E ‘ il fondo del fiume . D , Sono piedi dieci , con iquali è mifurato quello ponte ."
AC-B3-P176-01,3,I,,177,measurement_statement,room_proportion,space_organization_and_proportion,0.57,True,automatic_unverified_candidate,"E ' que - _ Ho ponte diuilo in tre archi , quel di mezo è di larghezza di trenta piedi ; gli al li due fono largnifolo piedi uentidue , e mezo jilchefu fatto acciò che ’ l fiume haueife nel mezo più libero il fuocorfo ."
AC-B3-P176-02,3,I,,177,measurement_statement,opening,openings_and_light,0.57,True,automatic_unverified_candidate,"Gli archi hanno di frezza la terza parte del lor diametro ; il lor modeno è grolfo per la nona parte de i uolti piccioli - , e per la duodecima di quel di mezo , e fono lauorati à foggia di Architraue , Nell ’ eftreme parti della lunghezza de ’ pilaftri , lotto l ’ impofte de gli ar chi , { portano in fuori alcune pietre , lequali nel fabricare il ponte ferui uano per follencr le traili , fopra lequali fi faceua l ’ armamento de ’ uolti : & in quello modo fi fuggiua il pericolo che crefcen do il fiume non portafte uia i pali con ruina dell ’ opera , iquali facendoli altrimenti , farebbe dato bilògno ficcar nel fiume , per far il dett ’ armamento ."
AC-B3-P177-01,3,XIII,5,178,measurement_statement,material,materials,0.57,True,automatic_unverified_candidate,"TERZO . * 5 DI VN PONTE inuentione , DI PIETRA DI MIA Cap ."
AC-B3-P177-02,3,XIII,5,178,measurement_statement,room_proportion,space_organization_and_proportion,0.57,True,automatic_unverified_candidate,"Però per feruar la grandezza , e la dignità della detta Città , e per accrefcerle anco groslìslima rendita , io faceua fopra del pon te , per la larghezza fua ; tre ftrade : quella di mezo ampia , e bella : e l ’ altre due , ch ’ erano una per bandaj alquanto minori ."
AC-B3-P177-04,3,XIII,5,178,measurement_statement,room_proportion,space_organization_and_proportion,0.57,True,automatic_unverified_candidate,"PARTI della Pianta . A , E : la ftrada bella , & ampia fatta nel mezo della larghezza del Ponte • B , Sono le ftrade minori ."
AC-B3-P180-01,3,,28,181,measurement_statement,room_proportion,space_organization_and_proportion,0.57,True,automatic_unverified_candidate,"Io diuideua tutta quella larghezza in tre uani , e faceua quel di mezo largo felfan - ta piedi ; e gli altri due , quarantotto l ’ uno ."
AC-B3-P180-02,3,,28,181,purpose,room_proportion,space_organization_and_proportion,0.57,True,automatic_unverified_candidate,"I pilafiri , che reggono i uolti ; _ ueniuanodigrofiezza di dodici piedi ; e cofi erano grosfi per la quinta parte del uano di mezo , e perla quarta de ’ uani minori : io alteraua in loro alquanto le mifurc ordina rie facendoli molto grosli , e che ufeifiero fuori del uiuo della larghezza del Ponte ; perche me glio poteflero reiifterc all ’ impeto del fiume , ilquale è uelocisfimo ; & alle pietre , & à i legnami , che da quello fono portati all ’ ingiù ."
AC-B3-P180-03,3,,28,181,measurement_statement,opening,openings_and_light,0.57,True,automatic_unverified_candidate,"Io faceua il modeno de gli archi per la decimafcttima parte della luce dell ’ arco di mezo , e per la quartadecima della luce de gli altri due ."
AC-B3-P182-02,3,XV,3,183,measurement_statement,construction,construction,0.57,True,automatic_unverified_candidate,"E quello ponte tutto intiero , & è poco dif ferente da quel,eh e fopra il Bacchigliene j percioche ancor egli è diuifo in tre archi , & ha l ’ arco di mezo maggior de gli altri due ."
AC-B3-P182-03,3,XV,3,183,measurement_statement,room_proportion,space_organization_and_proportion,0.57,True,automatic_unverified_candidate,"Sono tutti quelli archi di portione di cerchio minore del mezo circolo , e non hanno lauoro alcuno : i pie doli hanno di frezza il terzo della loro larghezza : quel di mezo è un poco meno ."
AC-B3-P182-04,3,XV,3,183,measurement_statement,opening,openings_and_light,0.57,True,automatic_unverified_candidate,"I pilaftri fo no grosfi per la quinta parte del diametro de gli archi minori : & hanno neH ’ dlremità loro , fotto l ’ impofta de gli archi,le pietre,che ( portano in fuori per le cagioni fopra dette ."
AC-B3-P182-05,3,XV,3,183,measurement_statement,urban_public,urban_and_public_architecture,0.57,True,automatic_unverified_candidate,"DcH ’ iltelfe proportioni di quelli due di Vicenza ue nè fono quattro in Padoua , tre de quali hanno tre archi fidamente ; e fono , il Ponte Altinà , quello di San Lorenzo , e quel ch ’ è det to Ponte Conio : & uno ne ha cinque , & è quel ch ’ è detto Ponte Molino : in tutti quelli ponti fi uede elfer fiata ufata una lèmma diligenza nel commettere infieme le pietre , ilche ( come altre uolteho auertito ) fi ricerca fommamente in tutte le fabriche . y mm p ìj DELLE"
AC-B3-P183-07,3,XVI,3,184,condition,other,unclassified,0.57,True,automatic_unverified_candidate,"Ma ritornando alle piazze principali , deuono effer à quelle congionti il palazzo del Principe , ouer della Signoria , fecondo che farà ò Principato , ò Republica : la Zecca , e l ’ erario publico ; doue fi ripone il Theforo , & il danaro publico : e le prigioni : quelle anticamente fi faceuano di tre for ti , l ’ una per quelli ch ’ erano fuiati , & immodefli , che fi teniuano , acciò che fuflero ammacftrati , laquale fiorali dà ài pazzi : l ' altra era de i debitori , & quella anco fi ufa tra noi : la terza è doue fìannoiperfidi, & reihuominiògiàcondennati,òperelTer condennati : lequai tre forti balla no , conciofiache i falli de gli huomini nafeano ò da immodellia , ouer da contumacia , ouero da pcruerfità ."
AC-B3-P183-10,3,XVI,3,184,measurement_statement,room_proportion,space_organization_and_proportion,0.57,True,automatic_unverified_candidate,"Ma fe la fua forma farà piu lunga , che larga , fi porrà infieme la lunghezza , elalarghezza,edi tuttala lumma fi pi glierà la metà , e fi darà all ’ altezza fin fiotto la trauatura ."
AC-B3-P183-11,3,XVI,3,184,measurement_statement,vertical_dimension,vertical_dimensioning,0.57,True,automatic_unverified_candidate,"Al mezo dell ’ altezza fi deuono far cor nicioni intorno à i muri , iquali Iportino in fuori : acciò che la uoce di quelli , che diletteranno ; non fi dilati nell ’ altezza della Curia , ma rebuttata in dietro meglio peruengaaU ’ orccchie de gli auditori ."
AC-B3-P184-02,3,XVII,,185,measurement_statement,column_order,orders_and_detail,0.57,True,automatic_unverified_candidate,"Cap . XVII . GRECI ( come ha Vitruuio nel primo cap . del V . Lib . ) ordinauano nelle lor Città le piazze di forma quadrata , e faceuano lor intorno iportichiampij , e doppi ) , & di fpeffe colonne , cioè diftantil ’ una dall ’ altra un diametro e mczo di colonna ; ò al più , due diametri ."
AC-B3-P184-03,3,XVII,,185,purpose,column_order,orders_and_detail,0.57,True,automatic_unverified_candidate,"Erano quelli portichi larghi quanto era la lunghezza delle colonne , onde , perche erano doppij - , il luogo da palpeggia re ueniuaàeflèr largo , quanto eranodue lunghezze di colonna , e coli molto commodo , & ampio , Sopra le prime colonne , lequali ( hauendo riguardo al luogo , oue effe erano ) per mio giudiciodoueuanoelTer di ordine Corinthio ; u ’ erano altre colonne , la quarta parte minori delle prime ; quelle haueuano fotto di fe il poggio dell ' altezza che ricerca la com - modità : perche anco quelli portici difoprafi faceuano per potcrui palpeggiale trattenerli , & oue potelPero ftar commodaméte le perfone à ueder i Ipettacoli che nella piazza , ò per diuotìo - ne,ò per diletto fi facelPero ."
AC-B3-P187-01,3,XVIII,,188,condition,room_proportion,space_organization_and_proportion,0.57,True,automatic_unverified_candidate,"TERZO . SS DELLE PIAZZE DE * LATINI . Cap . XVIII . ROMANI , & gli Italiani ( come dice Vitruuio al luogo lòpradetto ) parten doli dall ’ ulò de ’ Greci,faceuano le lor piazze più lunghe,che larghe : in modo , che partita la lunghezza in tre parti , didue faceuanola larghezza : percioche dandoli in quelle i doni à i gladiatori , quella forma riufciua J or più commoda della quadrata : & per quella caufa anco faceuano gli intercolunnij de ’ porti - t _ _ _ t _ J _ _ = ai chi,ch ’ eranointornoallapiazza ; didue diametri di colonna , & un quarto ; ouero di tre diametri : acciò che la uilta del popolo non folle impedita dalla fpelfezza delle co lonne ."
AC-B3-P187-03,3,XVIII,,188,measurement_statement,room_proportion,space_organization_and_proportion,0.57,True,automatic_unverified_candidate,"Nella parte uolta alla più calda regione del Cielo lituauano la Balilica,la qua le io ho figurata nel difegno di quelle piazze di lunghezza di due quadri : e nella parte di dentro ui fono i portichi intorno , larghi per il terzo dello Ipacio di mezo ."
AC-B3-P187-04,3,XVIII,,188,measurement_statement,room_proportion,space_organization_and_proportion,0.57,True,automatic_unverified_candidate,"Nella parte uoltaàSet tentinone io ho polla la Curia di lunghezza di un quadro e mezo ; la fua altezza è per la metà del la larghezza , e lunghezza unite infieme ; era quello il luogo , ( come ho detto di fopra ) oue lì raunaua il Senato à confultar delle cofe dello flato ."
AC-B3-P190-02,3,XIX,58,191,condition,other,unclassified,0.57,True,automatic_unverified_candidate,"Si deuono far lar - ] ghc non meno della terza parte,ne più della metà della lor 1 unghezza , fe la natura del luogo non ; ci impedirà , ouero non ( ^ sforzerà à mutar mifura di compartimento ."
AC-B3-P190-03,3,XIX,58,191,measurement_statement,column_order,orders_and_detail,0.57,True,automatic_unverified_candidate,"Di quelli tali edificij non ci è ritnafo alcun ueftigio antico : onde io fecondo quel , che ci infegna Vitruuio nel luogo ricor dato di fopra , ho fatto i difegni , che feguono ; ne ’ quali la Balilica nel fpacio di mezo , cioè den tro dalle colonne ; è 1 unga due quadri ."
AC-B3-P190-05,3,XIX,58,191,condition,column_order,orders_and_detail,0.57,True,automatic_unverified_candidate,"Hanno quelli portichi luperiorile colonne la quarta parte mi nori di quelle di fotto ; il poggio , ouero piedeftilo , che è tra le colonne inferiori , e le di fopra ; lì delie far alto la quarta parte meno della lunghezza delle colonne di fopra : acciò che quelli , che caminano ne ’ portici fuperiori ; non fiano ueduti da quelli , che negociano nella Bafilica ."
AC-B3-P190-06,3,XIX,58,191,measurement_statement,column_order,orders_and_detail,0.57,True,automatic_unverified_candidate,"G , Sono le colonne de ’ portichi di fotto . H , E 1 il poggio alto la quarta parte meno della lunghezza delle colonne de ’ portichi di fopra ."
AC-B3-P196-02,3,XI,,197,measurement_statement,urban_public,urban_and_public_architecture,0.57,True,automatic_unverified_candidate,"Prima difegnauano la piazza quadrata di giro di due lladij , cioè di ducento , e cinquanta pafTa ; & in tre lati di lei faceuanoi portici fem - plici , e fotto quelli alcune fale ampie,nelle quali ftauano gli huomini letterati , come Filofofi , e limili ; àdifputarc,c decorrere ."
AC-B3-P196-04,3,XI,,197,measurement_statement,temple,building_type_and_composition,0.57,True,automatic_unverified_candidate,"Nel mezo di quello portico era una fala molto grande lunga un quadro , e mezo , oue fi ammaeltrauano gli Adolelcenti ."
AC-B3-P196-05,3,XI,,197,condition,site_orientation,site_and_orientation,0.57,True,automatic_unverified_candidate,"Percioche uollero queiprudemi huomini , imitando la natura , laqual da un ’ cllremo - freddo ad un ’ ellremo caldo coni fuoi mezi ci conducejche nó fubito dalla llanza fredda fi entraf - fenella calda , ma co ’ l mezo della tepida » Di fuori da detti luoghi erano tre portichi , uno dal la to , doue era l ’ entrata , che fi farebbe uerfoLeuante,ouero uerfo Ponente ."
AC-B3-P196-06,3,XI,,197,measurement_statement,vertical_dimension,vertical_dimensioning,0.57,True,automatic_unverified_candidate,"L ’ altro riuoltoàMezogiorno erafemplice , ma molto più largo diciafcuno de ’ fopradetti , & era diuifo in quello modo : che lalciati dalla parte delle colonne , e dalla parte del muro dieci piedi,ilqual Ipacio da Vitruuio è detto Margine ; per due gradi larghi fei piedi fi dilcendeua in un piano non meno largo di dodici piedi ; nel quale al tempo del uerno gli Athleti poteuano eferci tarfi llando al coperto,fenza elfer impediti da quelli , ch ’ erano fòtto il portico à uedere ; iquali an co , per la detta balfezza , ou erano gli Athleti ; uedeuano meglio ."
AC-B4-P203-04,4,,,204,condition,construction,construction,0.57,True,automatic_unverified_candidate,"Et benche di alcuni di loro se ne ueg ga picciola parte in piede sopra terra , io nondimeno da quella picciola parte , considerate ancho le fondamenta , che si sono potute uedere ; sono andato conietturando quali douessero essere , quando erano intieri ."
AC-B4-P206-02,4,II,,207,measurement_statement,construction,construction,0.57,True,automatic_unverified_candidate,"CAP . II . TEMPII si fannoritondi ; quadrangulari ; di sei , otto , e più cantoni , iquali tutti finiscano nella capacità di un cerchip ; à Croce ; & di molte altre for me , e figure , secondo le uarie inuentioni de gli huomini : lequali ogni uolta che sono con belle , & conueneuoli proportioni , & eon elegante , & ornata Architettura distinte ; meritano di esse lodate ."
AC-B4-P206-03,4,II,,207,condition,temple,building_type_and_composition,0.57,True,automatic_unverified_candidate,"Ma le più belle , e piû rego late forme , e dalle quali le altre riceuono le misure ; sono la Ritonda , & la qua drangulare ; e però di queste due solamente parla Vitruuio , & ci insegna come si debbano com partire ; come si dirà quando si tratterà del compartimento de Tempij ."
AC-B4-P206-06,4,II,,207,purpose,temple,building_type_and_composition,0.57,True,automatic_unverified_candidate,"E però ancora noi , che non habbiamoi Dei falsi , per seruare il Decoro circa la forma de ' Tem pij , eleggeremo la piu perfetta , & più eccellente ; e conciosiache la Ritonda sia tale , perche so intra tutte le figure è semplice , uniforme , eguale , forte , e capace , fairemo i Tempij ritondi ; à quali si conuiene massimamente questa figura , perche essendo essa da un solo termine rinchiu sa , nel quale non si puô ne principio , ne fine trouare , ne l ' uno dall ' altro distinguere ; & hauen do le sue parti simili tradiloro , e che tutte participano della figura del tutto ; e finalmente ri trouandosi in ogni sua parte l ' estremo egualmente lontano dal mezo ; è attissima a dimostra re la Vnità , la infinita Essenza , la Vniformità , & la Giustitia di DIO ."
AC-B4-P207-09,4,III,,208,measurement_statement,construction,construction,0.57,True,automatic_unverified_candidate,"Quello , che in Antis è nominato , hauerà due pilastri nei cantoni , che uoltano ancho da i lati del Tempio , & tra detti pilastri nel mezo della fronte due co lonne , che sportino in fuori , e sostengano il frontespicio , che sarà sopra l ' entrata ."
AC-B4-P208-03,4,IIII,,209,condition,column_order,orders_and_detail,0.57,True,automatic_unverified_candidate,"Ouero si pongono à i Tempij otto colonne per fronte , e quindeci dai lati con le angu lari : questi uengono ad hauere i portici intorno doppij ; e però l ' aspetto loro è detto Dipteros cioè Alato doppio ."
AC-B4-P208-07,4,IIII,,209,purpose,column_order,orders_and_detail,0.57,True,automatic_unverified_candidate,"Onde perche si posson far gli interualli , che son tra colonna , e colonna , di cinque grandez ze , secondo quelle distingue Vitruuio cinque specie , ò maniere di Tem pij : delle quali sono i nomi :"
AC-B4-P208-08,4,IIII,,209,purpose,other,unclassified,0.57,True,automatic_unverified_candidate,"Le due prime ; perche essendo gli intercolunnij di undiametro , e mezo , ô di due diametri"
AC-B4-P209-03,4,V,,210,purpose,column_order,orders_and_detail,0.57,True,automatic_unverified_candidate,"Laterza , perche potendosi porre tra le colonne , tre diametri di colonna ; uengono ad essere gli intercolunnij molto larghi ; onde gli Architraui per la grandexza de gli spacij si spezzano ."
AC-B4-P209-04,4,V,,210,purpose,material,materials,0.57,True,automatic_unverified_candidate,"La quarta maniera , benche non patisca il difetto della sopradetta , perche non sivsano gli Architraui di Pietra , nè di Marmo ; ma sopra le colonne si pongono le traui di legno ; si può nondimeno dire ancor ella difettosa ; perche è bassa , larga , & humile , & e propria dell ' ordine Toscano ."
AC-B4-P209-05,4,V,,210,measurement_statement,column_order,orders_and_detail,0.57,True,automatic_unverified_candidate,"Di modo che la più bella , & elegante maniera di tempij è quella , che Eustilos è detta : laquale è quanto gli intercolun nij sono di due diametri di colonna , & vn quarto ; percioche serue ottimamente all ' vso , alla bellezza , & alla fermezzi ."
AC-B4-P209-09,4,V,,210,measurement_statement,temple,building_type_and_composition,0.57,True,automatic_unverified_candidate,"Si diuide il diametro di tutto lo specio , che deue occupare il Tempio in tre parti eguali . vnase ne dà à igradi , cioè alla salita su ' l piano del Tempio , e duerimangono al Tempio , & alle colon ne , lequali si pongono sopra piedestili , e sono alte con base , e capitello , quanto è il diametro del mi nor giro dei gradi , & grosse per la decima parte della loro altezza ."
AC-B4-P209-13,4,V,,210,purpose,temple,building_type_and_composition,0.57,True,automatic_unverified_candidate,"Maperò ne ' Tempij Antichi non si veggono Piede stili , ma le colonne cominciano dal piano del Tempio ; ilche moltopiu mipiace ; si perche conipiede stili si impedisce molto l ' entrare al Tempio ; si ancho perche le colonne , le quali daterra cominciano ; rendono maggior grandexza , e magnificenza ."
AC-B4-P210-01,4,,3,211,measurement_statement,column_order,orders_and_detail,0.57,True,automatic_unverified_candidate,"10 LIBRO di diece in trent ' vna : dando sempre di queste parti , una alla grossezzi delle colonne , tre al uano di mezo , & due , & un quarto à ciascun de gli altri uani ."
AC-B4-P210-09,4,,3,211,measurement_statement,temple,building_type_and_composition,0.57,True,automatic_unverified_candidate,"IL PIEDE Vicentino , co ' l quale sono stati misurati tutti iseguenti tempij , è nel Secon do Libro à numero 4 ."
AC-B4-P211-01,4,VI,11,212,measurement_statement,column_order,orders_and_detail,0.57,True,automatic_unverified_candidate,"Auanti l ' entrata v ' era vna loggia ditre vani , fatta di pietra cotta , & il resto era muro continouo per quanto era larga la facciata ; ne i pilastri degli archi della loggia nella parte di fuori v ’ erano colonne poste perornamento , l ' ordine delle quali seguiua ancho nel muro continouo : sopra questa prima loggia ve ne eta vn ' altra scoperta , co ' l suo poggio , & al diritto diciascuna colonna vi douea esser po stavna statua ."
AC-B4-P211-02,4,VI,11,212,measurement_statement,column_order,orders_and_detail,0.57,True,automatic_unverified_candidate,"Nella parte di dentro del Tempio v ' erano otto colonne di marmo di ordine Corin thio grosse cinque piedi , e quattro oncie , e langhe cinquantatre con base , e capitello ."
AC-B4-P211-03,4,VI,11,212,measurement_statement,column_order,orders_and_detail,0.57,True,automatic_unverified_candidate,"L ' Architraue il Fregio , e la Cornice erano diecipiedi e mezo , e sosteneuano il uolto della naue di mezo ."
AC-B4-P211-04,4,VI,11,212,measurement_statement,column_order,orders_and_detail,0.57,True,automatic_unverified_candidate,"La Basa di queste colonne era piu alta della metà del diametro della colonna , & haueual ’ orlo più grosso del la terza parte della sua altezzi , il che forse fecero , parendo loro , che cosi potesse meglio reggere il peso , che le andaua posto sopra : il suo sporto era per la sestaparte del diametro della colonna :"
AC-B4-P215-01,4,VII,15,216,condition,temple,building_type_and_composition,0.57,True,automatic_unverified_candidate,"QV A R T O . 15 Cap . VII . DEL TEM PIO DI MARTE VENDICATORE . PRESSSO la Torre de ' Conti si ueggono le ruine del Tempio edificato gia da Augusto à Marte Vendicatore , pel voto ch ' egli fece quando insieme con M ."
AC-B4-P215-02,4,VII,15,216,measurement_statement,opening,openings_and_light,0.57,True,automatic_unverified_candidate,"Per quelle parti che ne sono rimase si compren de che questo era un ' ornatissimo , & merauiglioso edificio , e molto più mirabile lo S douea rendere il foro che gli era dauanti , nel quale , si legge , che portauano le inse gne della uittoria , & trionfo quelli , che uincitori , e trionfanti cornauano nella Città ; & che Augusto nella sua piu bella parte poste due tauole , nelle quali era dipinto il modo difar battaglia , & di trionfa re , & due altre tauole di mano di Apelle , in una delle quali uera Castore , e Polluce , la Dea della Vit toria , & Alexandro Magno ; nell ' altra una rappresentatione di battaglia , & un ' Alessando ."
AC-B4-P216-01,4,,16,217,measurement_statement,temple,building_type_and_composition,0.57,True,automatic_unverified_candidate,"Nella Terza ui è il diritto di meza la facciata , con parte delle mura , che sono da ilati del Tempio ."
AC-B4-P216-02,4,,16,217,measurement_statement,column_order,orders_and_detail,0.57,True,automatic_unverified_candidate,"Nella Quinta ui sono gli ornamenti del portico . G , E II Capitello . H , L ' Architraue , il Fregio , & la Cornice . I , ILacunari del portico , cioè i Soppalchi . Nella Sesta è disegnato il Soffitto del portico , & come uolta nelle anti , ò pilastri dell ' antitempio ."
AC-B4-P223-01,4,VIII,23,224,measurement_statement,temple,building_type_and_composition,0.57,True,automatic_unverified_candidate,Il portico insieme con la Cella è Iungo poco meno di due quadri :
AC-B4-P223-02,4,VIII,23,224,measurement_statement,temple,building_type_and_composition,0.57,True,automatic_unverified_candidate,"Il suolo di questo Tempio s ’ alza da terra con un basamento , che gira intorno à tutta la fa brica , e fasponda à i gradi , per li quali si sale al portico ; nelle estreme parti di que ste sponde uerano due statue , cioè vna per testa del basamento ."
AC-B4-P223-04,4,VIII,23,224,purpose,column_order,orders_and_detail,0.57,True,automatic_unverified_candidate,"Nell ' Architraue sono bellissimi intagliche diuidono vna fascia dall ' altra , & questi intagli , e queste diuisioni sono da ilati del tempio solamente : perche nella facciata l ' Architraue , & il Fregio furno fat ti tutti a un piano per poterui potre commodamente la inscrittione , della quale si ueggono ancora queste poche lettete , benche tronche ancor esse , & guaste dal tempo ."
AC-B4-P223-06,4,VIII,23,224,measurement_statement,temple,building_type_and_composition,0.57,True,automatic_unverified_candidate,"Di questo edificio ho fatto sei Tauole . T , E la entrata che gli è per fianco . NELLA Prima u è la metà della facciata del tempio . Nella Seconda u è l ' alzatonella parte di dentro , & appressione la pianta del Tempio , e della piax S , E il lurero oue cra la statua di Traiano . za insieme ."
AC-B4-P223-07,4,VIII,23,224,measurement_statement,temple,building_type_and_composition,0.57,True,automatic_unverified_candidate,Nella Quarta u ' è la metà della facciata della piazzi rincontro al Tempio .
AC-B4-P230-01,4,IX,,231,measurement_statement,temple,building_type_and_composition,0.57,True,automatic_unverified_candidate,"La facciata di questo Tempio è fatta à colonne , la maniera sua è la Picnostilos : il piano , ò suolo del Tempio s ' alza da terra per la terza parte dell ' al tezzi delle colonne del portico ; & à quello si ascende per gradi , à i quali fanno sponda due basamenti , che continuano co ' loro ordine intorno tutto il Tempio ."
AC-B4-P230-02,4,IX,,231,measurement_statement,temple,building_type_and_composition,0.57,True,automatic_unverified_candidate,"A , E il luago doue oue cra la statua di Antonino . Q . E l ' entrata per fianco del Tempio . R , L ' entrata rincontro al portico del Tempio . Nella Quarta è l ' alzato della metà dell ' entrata , che era à fronte del Tempio ."
AC-B4-P236-01,4,X,,237,purpose,site_orientation,site_and_orientation,0.57,True,automatic_unverified_candidate,"LIBRO DE I TEMPIII ELLJOLE , E DELLA LVNA , Cap . X . "" ICINO all ' Arco di Tito nell ' orto di Santa Maria Noua si ueggono due Tempi , di una medesima forma , e con gli istessi ornamenti , l ' uno de quali però che è posto à Leuante si crede che fusse il Tempio del Sole : l ' altro perche guarda uerso Ponente della Luna , furno edificati questi Tempij , & dedicati da T ."
AC-B4-P236-03,4,X,,237,measurement_statement,opening,openings_and_light,0.57,True,automatic_unverified_candidate,"Di questi Tempij io ho fatto due Tauole . NELLA Prima ui sono le piante di tutti due , come sono congiunti insieme : e si uede donc le Scale , cheio ho detto che portauano sopra il tetto ."
AC-B4-P239-02,4,,39,240,measurement_statement,construction,construction,0.57,True,automatic_unverified_candidate,"La Cella di mezo la quale è ritonda perfetta , è diuisa in dieci faccie , & in ciascuna faccia ha una capella cacciata nella grossezzi de imuri , fuorche nella faccia , oue è l ' entrata ."
AC-B4-P239-03,4,,39,240,purpose,column_order,orders_and_detail,0.57,True,automatic_unverified_candidate,"Le due Celle , che sono da ilati doueuano essere ornatissime , perche ui si ueggono molti nicchi , & è uerisimile che ui fussero colonne , & altri ornamenti , i quali accompagnando i detti nicchi doueano farc bellissimo effetto ."
AC-B4-P241-01,4,XII,11,242,purpose,temple,building_type_and_composition,0.57,True,automatic_unverified_candidate,"Sono stati alcuni altri , c ' hanno detto , che quiui furono le case de i Cornelij . lo per me credo , che questo fusse un Tempio dedicato à Gioue : percioche ritrouandomi in Roma uidi cauare doue era il corpo del Tempio , & fur no trouati alcuni capitelli lonichi,i quali seruiuano alla parte di dentro del Tempio , & erano quelli de gli anguli delle loggie , perche la parte di mezo per mia opinione era scoperta ."
AC-B4-P241-03,4,XII,11,242,measurement_statement,temple,building_type_and_composition,0.57,True,automatic_unverified_candidate,Nella Seconda u è il fianco del Tempio di fuori . Nella Terza u è la metà della facciata di fuori del tempio .
AC-B4-P241-04,4,XII,11,242,measurement_statement,temple,building_type_and_composition,0.57,True,automatic_unverified_candidate,Nella Quarta u è la parte di dentro ; & in tutte due queste tauole si uede una particella de gli orna menti del Cortile .
AC-B4-P241-05,4,XII,11,242,measurement_statement,column_order,orders_and_detail,0.57,True,automatic_unverified_candidate,"Nella Quinta u ' eil fianco della parte di dentro . Nella Sesta ui sono gli ornamenti . A , E l ' Architraue , il Fregio , e la Cornice . C , E ' la Basa . ﻿E , II Capitello delle colonne del portico ."
AC-B4-P248-03,4,XIII,48,249,measurement_statement,circulation,circulation,0.57,True,automatic_unverified_candidate,"Il pauimento del tempios ' alza daterra sei piedi e mezo , e ui si ascende per gradi , ài quali fanno poggio i basamenti , i quali sostentano tutta la fabrica ."
AC-B4-P248-04,4,XIII,48,249,purpose,temple,building_type_and_composition,0.57,True,automatic_unverified_candidate,"Le Volute de i capitellisono ouate , & i capitelli , che sono ne gli angoli del portico , & del tempio fanno fronte da due parti : il che non sò d ' hauer ueduto altroue , e perche mi è paruta bella , e gratiosa inuentione io me ne son seruito in molte fabriche , & come si faccia apparirà nel disegno ."
AC-B4-P252-01,4,XIII,52,253,purpose,column_order,orders_and_detail,0.57,True,automatic_unverified_candidate,"Questo Tempio è di or dine Corinthio . Gli intercolunnij sono di un diametro e mezo . Le colonne sono lun ghe con basa , e capitello vndici teste ( testa s ' intende , come ho detto altroue , il diametro della colon na da piede ) Le base sono senza Zoccolo , ouer Dado , ma il grado oue posano , serue per quello : ilche sece l ' Architetto , che l ' ordinò , accioche l ' entrata nel portico fusse manco impedita , essendo la ma niera sua dispesse colonne ."
AC-B4-P252-02,4,XIII,52,253,measurement_statement,column_order,orders_and_detail,0.57,True,automatic_unverified_candidate,"E ' que sto muro nella parte di fuori , cioè sotto i portici , distinto à quadri dalla detta Cornice fin ' al soffitto , & nella parte di dentro è polito ; & ha una cornice al pari di quella de i portici , che sostenta la Tribuna Di questo Tempio ho fatto tre tauole . 6 1/2 m1 Op 6 1/2 1/4 P 23 D 9 P . 8 m 9 1/2"
AC-B4-P253-01,4,,,254,measurement_statement,column_order,orders_and_detail,0.57,True,automatic_unverified_candidate,"Nella Terza sono i membri particolari . A , E ' la Basa delle colonne . B , E il Capitello . C , L ' Architraue , il Fregio , & la Cornice . D , Gli ornamenti della porta . E , Gli ornamenti delle finestre . F , La Cornicietta di fuori intorno la cella , dalla quale cominciano i quadri ."
AC-B4-P255-01,4,XV,55,256,measurement_statement,column_order,orders_and_detail,0.57,True,automatic_unverified_candidate,II suo aspetto è lo alato à forno . La maniera è di spesse colonne . Gli intercolunnij sono un diametro e mezo . Iportici intorno sono tanto più larghi d ' uno intercolunnio quanto di piusporgono fuora le risalite delle anti delrimanente de imuri .
AC-B4-P255-03,4,XV,55,256,measurement_statement,column_order,orders_and_detail,0.57,True,automatic_unverified_candidate,"Il fregio pende in fuori una delle otto parti della sua altezzi , & è gonfio nel mezo ."
AC-B4-P255-04,4,XV,55,256,measurement_statement,column_order,orders_and_detail,0.57,True,automatic_unverified_candidate,"Sopra la Cornice ne i lati del Tempio , ui è vna Corni cietta la qual uiene col suo uiuo , al uiuo de i Modiglioni , & era fatta per porui sopra le sta tue , acciò si uedessero tutte intieramente , e non fussero i piedi , e le gambe loro ascosi dal la proiettura della Cornice ."
AC-B4-P255-05,4,XV,55,256,measurement_statement,column_order,orders_and_detail,0.57,True,automatic_unverified_candidate,"Questo Architraue sostiene iuolti de i portici . L ' Archi traue , il Fregio , e la Cornice sono per una delle cinque parti e meza della langhezzi delle colon ne , e benche siano meno della quinta parte riescono nondimeno mirabilmente , & con molta gratia ."
AC-B4-P257-01,4,,,258,measurement_statement,temple,building_type_and_composition,0.57,True,automatic_unverified_candidate,"Nella Seconda l ' Impiede della facciata dauanti . Nella Terza una parte del lato di fuori . Nella Quarta una parte del lato del portico , e tempio , di dentro ."
AC-B4-P257-02,4,,,258,measurement_statement,column_order,orders_and_detail,0.57,True,automatic_unverified_candidate,"Nella Quinta ui sono gli ornamenti del portico . A , E ' la Basa B , II Capitello . C , L ' Architraue . D , II Fregio . E , La comice . F , La cornicietta che fa piede alle statue . G , II Soffitto dell ’ Architraue tra le colonne . H , L ' Architraue nella parte didentro de i portici , che sostiene i uolti ."
AC-B4-P261-04,4,XVI,53,262,measurement_statement,column_order,orders_and_detail,0.57,True,automatic_unverified_candidate,"II Fregio è schietto . La cornice ha due Gole di ritte una sopra l ' altra , cosa che si uede rade uolte esser stata fatta , cioè che siano posti due membri di una istessa sorte l ' uno sopra l ' altro , senza qualche altro membro di mezo oltra illistello , ò gradetto ."
AC-B4-P267-01,4,XVIII,1,268,measurement_statement,temple,building_type_and_composition,0.57,True,automatic_unverified_candidate,"67 QV ARTO . Cap . XVIII . DEL TEMPIO DI GIOVE STATORE . 1RA il Campidoglio , & il Palatino appresso il Foro Romano si ueggono tre colon ne di ordine Corinthio , le quali secondo alcuni erano di un fianco del Tempio di N Vulcano , e secondo alcuni altri del Tempio di Romolo ; non manca ancho chi E ."
AC-B4-P267-03,4,XVIII,1,268,purpose,column_order,orders_and_detail,0.57,True,automatic_unverified_candidate,"Altri sono stati , c ' hanno detto che dire une Cultivateur queste colonne insieme con quelle , che sono sotto il Campidoglio , erano d ' un ponte , che fece far Ca ligula per passare dal Palatino al Campidoglio : la quale opinione si conosce essere in tutto lontana dalla verità , perche per gli ornamenti si uede che queste colonne erano di due diuersi edificij , & per che il ponte , che fece far Caligula ' era di legno , & passaua à trauerso il Foro Romano ."
AC-B4-P267-04,4,XVIII,1,268,measurement_statement,column_order,orders_and_detail,0.57,True,automatic_unverified_candidate,"Di questo Tempio ho fatto tre tauole . NELLA Prima u ' è l ' Alzato della facciata . Nella Seconda u è disegnata la pianta . Nella Terza i membri particolari . D , E parte del Soffitto dell ' Archi A , E ' la Basa . traue trale colonne ."
AC-B4-P267-05,4,XVIII,1,268,measurement_statement,column_order,orders_and_detail,0.57,True,automatic_unverified_candidate,"B , II Capitello . C , L ’ Architraue , il Fregio , & la Cornice . Z . de K . B . P4 P62 P 64 IIII 2"
AC-B4-P270-04,4,XIX,,271,purpose,temple,building_type_and_composition,0.57,True,automatic_unverified_candidate,E perche per l disegni dei passati Tempij si comprendono i diritti ancho di questo ; io ne ho fatto solo due tauole .
AC-B4-P273-01,4,XX,73,274,purpose,construction,construction,0.57,True,automatic_unverified_candidate,"Fù questo Tempio chiamato Pantheon , percioche depo Gioue fu confecrato à tutti gli Dei : ôpure ( come altri vuole ) perche egli è di figura del Mondo , cioè Ritonda , che tanto è la sua altezzi dal pauimento fino all ' apritura onde egli riceue il lume , quanto è per diametro la sua larghezzi da un muro all ' altro ; e come hora si scende al suolo , ouer pauimento cosi anticamente ui si saliua per alquanti gradi ."
AC-B4-P273-03,4,XX,73,274,measurement_statement,construction,construction,0.57,True,automatic_unverified_candidate,"MAX . TRIB . POT . XI . COS . III . P . p . PROCOS . ET IMP . CAES . MARCVS AVRELIVS ANIONINVS PIVS FELIX AVG . TRIB . STATE POT . V . COS . PROCOS . PANTHEVM VET CVM comn CVLTVbringingen Nella parte didentro del tempio uisono nella grosseaza del muro sette capelle con nicchi , nei quali ui doueuano essere statue ; & tra una capella , e l ' altra ui è un tabernacolo , di modo , che uengo no ad esserui otto tabemacoli ."
AC-B4-P273-04,4,XX,73,274,purpose,temple,building_type_and_composition,0.57,True,automatic_unverified_candidate,"E ' opinione di molti , che la capella di mezo , cheè rincontro all ' en trata , non sia antica , perche l ' arco di essauiene àrompere alcune colonne del secondo ordine : ma che al tempo di christiani dopo Bonificio Pontefice , il quale primo dedicò questo tempio al culto Diui no , ella sia stata accresciuta come si conuiene à i tempij di christiani dihauere un ' altare principale , e maggiore de gli altri ."
AC-B4-P273-06,4,XX,73,274,purpose,temple,building_type_and_composition,0.57,True,automatic_unverified_candidate,"E perche tutre le parti di questo tempio sono notabilissime , acciò che tutte si uegga no , io ne ho fatto dieci tauole ."
AC-B4-P274-01,4,,74,275,measurement_statement,temple,building_type_and_composition,0.57,True,automatic_unverified_candidate,Nella Seconda u è la metà della facciata dauanti . Nella Terza u è la metà della facciata sotto il portico .
AC-B4-P274-02,4,,74,275,measurement_statement,temple,building_type_and_composition,0.57,True,automatic_unverified_candidate,"Came si uede in queste due tauole , questo Tempio ha due Frontespicij ; l ' uno del portico , l ' altro nel muro del Tempio ."
AC-B4-P274-03,4,,74,275,purpose,vertical_dimension,vertical_dimensioning,0.57,True,automatic_unverified_candidate,"Nella Settima u ' è parte dell ' alzato nella parte di dentro rincontro all ' entrata , oue si uede come siano disposte , & con quali ornamenti le capelle , & itabernacoli , ecome siano compartitii quadrine . uolto,i quali è molto uerisimile che fossero ornati di lame di argento per alcuni uestigi , che ui sono , perche se fussero stati tali ornamenti di bronze , non è dubbio che sarebbono statitolti an cho quelli bronze , che , come ho detto , sono nel portico ."
AC-B4-P286-01,4,,,287,measurement_statement,column_order,orders_and_detail,0.57,True,automatic_unverified_candidate,"Di questo tem pio ho fatto tre tauole . NELLA Prima è lapianta . Nella Seconda l ' alzato . Nella terza si uede come sono ordinate le colonne che sostentano gli archi , sopra i quali è latri buna ."
AC-B4-P288-01,4,XXII,26,289,measurement_statement,temple,building_type_and_composition,0.57,True,automatic_unverified_candidate,"Iltempio era nel mezo del cortile , & quella parte c ' hora si uede , & si alza da terra , sopra la quale era il suolo del tempio , è opera sodissima , e non piglia lume se non dalle porte , e da sei finestrelle , che sono nei nicchi,e però alquanto oscuro , come sono quasi tutti tempij antichi ."
AC-B4-P290-01,4,XXIII,90,291,measurement_statement,column_order,orders_and_detail,0.57,True,automatic_unverified_candidate,Questo tempio è di ordine Corinthio . Gli interco lunnij sono di due diametri . Il suo pauimento si alza da terra per la terza parte del la langhezzi delle colonne .
AC-B4-P295-01,4,XXIIII,,296,measurement_statement,temple,building_type_and_composition,0.57,True,automatic_unverified_candidate,"Questo portico è di ordi ne Cornthio . Gli intercolunnij sono più di un diametro emezo , e non arriuano a due diametri ."
AC-B4-P295-02,4,XXIIII,,296,measurement_statement,column_order,orders_and_detail,0.57,True,automatic_unverified_candidate,"A , E ' la Basa . B , II Capitello . C , L ' Architraue , il Fregio , & la Cornice . D , Il piede diuiso in dodeci oncie , co ' l quale sono misurati i detti membri ."
AC-B4-P298-01,4,XXV,98,299,measurement_statement,temple,building_type_and_composition,0.57,True,automatic_unverified_candidate,"Il basamento che lo sostiene è alto otto piedi , e mezo ; à questa alter za si ascende per le scale poste da i lati del portico , le quali mettono capo in due 1725 MARINE ET COLONIES portici piccioli , che escono fuori del rimanente del Tempio ."
AC-B4-P298-02,4,XXV,98,299,measurement_statement,column_order,orders_and_detail,0.57,True,automatic_unverified_candidate,"H , E ' Architraue , il Fregio , e la Cornice . Nella Terza u è il diritto della metà della parte di dentro ."
AC-B4-P303-01,4,XXVI,103,304,measurement_statement,temple,building_type_and_composition,0.57,True,automatic_unverified_candidate,"La maniera di questo tempio è quel la che Vitruuio dimanda Sistilos , cioè di due diametri ."
AC-B4-P303-02,4,XXVI,103,304,measurement_statement,column_order,orders_and_detail,0.57,True,automatic_unverified_candidate,"Io ne ho fatto tre tauole . NELLA Prima è la Pianta . Nella Secondal Alzato della facciata dauanti . Nella Terza sono gli ornamenti . A , E il Capitello , l ' Architraue , il Fregio , & la Cornice ."
AC-B4-P303-03,4,XXVI,103,304,measurement_statement,column_order,orders_and_detail,0.57,True,automatic_unverified_candidate,"B , Il piedestilo , & la basa delle colonne . C , La cornice che fait frontespicio . D , Il piede diuiso in dodeci oncie ."
AC-B4-P307-01,4,XXVII,107,308,measurement_statement,temple,building_type_and_composition,0.57,True,automatic_unverified_candidate,"XXVII . & prima de ' due Tempij di Pola . IN POLA città dell ' Istria , oltra il Theatro , & Ansitthestro , & un ' Arco edificij bel lissimi , di ciascuno de quali si dirà , & si porranno i disegni à suo luéeo ; ui sono so pra la Piazzi davna istessa parte due Tempij di una medesima grandeza , & con li medesimi ornamenti distanti l ' uno dall ' altro cinquanta otto piedi , e quattro oncie ; de quali sonoi disegni , che seguono ."
AC-B4-P307-02,4,XXVII,107,308,purpose,column_order,orders_and_detail,0.57,True,automatic_unverified_candidate,"Lo Architraue è diuerso ancor egli dalla maggior parte de gli altri , percioche la sua prima fascia è grande , la seconda minore , e la terza sotto il Cimacio è ancho più picciola : & queste fascie saltano in fuori nella parte inferiore , il che fu fatto accioche l ' Architraue uenisse ad hauer poco sporto , & cosi non occupasse le lettere , che sono ne fregio nella fronte , le quali sono queste ROMAE ET AVBVSTO CAESARIS INVI ."
AC-B4-P307-03,4,XXVII,107,308,measurement_statement,temple,building_type_and_composition,0.57,True,automatic_unverified_candidate,Tutto il Tempio compresoui il portico eccede in Iunghezzi due quadri .
AC-B4-P307-04,4,XXVII,107,308,measurement_statement,column_order,orders_and_detail,0.57,True,automatic_unverified_candidate,"Nella Terza è lo Alzato del fianco . D , E ' la campana del Capitello . F , La pianta di detto Capitello . 0000"
AC-B4-P311-01,4,XXVIII,111,312,purpose,temple,building_type_and_composition,0.57,True,automatic_unverified_candidate,"Questo pri mo e chiamato da gli habitatori di quella città la Mazon Quaree , perche è di for ma Quadrangulare , e dicono che era vna Basilica ( quai fussero le Basiliche , à che seruissero , e come si facessero , è stato detto nel terzo libro , secondo quello , che ne dice Vitruuio ) onde perche elle erano di altra forma , credo ch ' egli fusse ueramen te vn Tempio ."
AC-B4-P311-02,4,XXVIII,111,312,condition,column_order,orders_and_detail,0.57,True,automatic_unverified_candidate,"Il piano del Tempio s ' alza da terra dieci piedi , e cinque oncie ; gli fa basamento intor no un piedestilo , sopra la cui cimacia sono due gradi , che sostentano la basa delle colonne , e potria es sere facilmente , che ditai gradi intendesse Vitruuio , quando al fine del ij . cap . del iij . lib . disse , che fa cendosi il poggio intorno del tempio sidebbano faire sotto le base delle colonne liscamili impari,i qua li rispondino al dritto del uiuo del piedestilo,che è sotto le colonne , & fiano à liuello sotto la basa del la colonna , & sopra la Cimacia del piedestilo ; il qual luürgo ha dato da considerare à molti ."
AC-B4-P311-03,4,XXVIII,111,312,purpose,column_order,orders_and_detail,0.57,True,automatic_unverified_candidate,Perche delle noue parti della langhezza della cornice unane è messa in altexza del frontespicio sotto la sua cornice .
AC-B4-P311-04,4,XXVIII,111,312,measurement_statement,opening,openings_and_light,0.57,True,automatic_unverified_candidate,"Le erte , ò pilastrate della Porta sono grosse in fronte per la sesta parte della larghezza della luce ."
AC-B4-P311-05,4,XXVIII,111,312,measurement_statement,column_order,orders_and_detail,0.57,True,automatic_unverified_candidate,"Sopra la sua cornice al diritto delle pilastrate ui sono due pezzi di pietra lauorati à guisa di Architraui , i quali auanzano fuori di detta cornice , & in ciascuno di loro è un buco quadro largo per ogni uerso dieci oncie , e meza , nei quali credo che ponessero alcune traui , le quali arriuassero fino in terra , & ui fusse fatta una porta posticcia da poter leuare , e porre ; la quale douea esser fatta à gelosia , acciò il popolo stando di fuori potesse uedere quello , che si faceua nel tempio senza dare impedimen to à i Sacerdoti ."
AC-B4-P312-01,4,I,62,313,measurement_statement,column_order,orders_and_detail,0.57,True,automatic_unverified_candidate,"Nella Seconda il diritto della facciata dauanti . Nella Terzail diritto per fian CO . Nella Quarta uè parte de i membri . A , E ' la basa delle colonne . B , Lacimacia . del piedesti lo . C , Labasa . & approsso ui è disegnata la quarta parte dell ’ impiè , & della pianta del capi tello ."
AC-B4-P318-02,4,XIX,,319,purpose,temple,building_type_and_composition,0.57,True,automatic_unverified_candidate,"Si ancho perche quello Tempio da tre parti haueagliandidi intorno chiulì con muri continoui , ne i quali erano le porte da i lati della Cella, & la porta di eira Cella era nella fronte ; di modo ch ’ ella non po teua nceuer lum e da alcuna parte : ne fi può adurre alcuna ragione che à Verta fi doueilei o fare i tem - pij ofeuri i e per quello io credo più torto ch ’ egli fufie dedicato ad alcuno de i loro Dei infernali . ] Nella parte di dentro di quello tempio ui fono Tabernacoli,ne i quali doueano elfere delle ftatue ."
AC-B4-P318-03,4,XIX,,319,measurement_statement,vertical_dimension,vertical_dimensioning,0.57,True,automatic_unverified_candidate,"La \ facciatadi dentro rincontro alla portaè diuifa in tre parti ; il fuolo,ò pauimento della parte di mezo è ad un piano co ’ l rimanente del Tempio : l ’ altre due parti hanno il loro ludo alto all ’ altezza de i pie - dellili ; & à quello fi afeende per due Scale che cominciano ne gli andidid quali,come ho detto,lono intorno quello tempio ."
AC-B4-P318-04,4,XIX,,319,measurement_statement,room_proportion,space_organization_and_proportion,0.57,True,automatic_unverified_candidate,I piedellili fono alti poco più della terza parte della lunghezza delle colon ne .
AC-B4-P318-05,4,XIX,,319,purpose,column_order,orders_and_detail,0.57,True,automatic_unverified_candidate,"Dietro le colonne,che fono rincontro all ’ entrata,e fanno,parlando à noftro modo,la c apella grande,ui fono pilaftri quadri,i quali hanno ancor efsi i capitelli comporti , ma diuerfi da quel li delle colonne,e fono differenti ancho tra di loro ; perche i capitelli de i pilaftri che fono immediate appreffo le colonne hanno intagli differenti da gli altri due ; ma hàno tutti coli bella,e gratiofa forma , e fono di coli bella inuentione , che non fo di hauer ueduto capitelli di tal forte meglio , e più giudi - ciofamente fatti ."
AC-B4-P318-06,4,XIX,,319,purpose,temple,building_type_and_composition,0.57,True,automatic_unverified_candidate,"Io ho ufàto grandifsima diligenza in quefti due Tempij , perche mi fono parli edifieij degni di molta confideratione , e da quali fi conofce che fu come proprio di quella età l ’ intenderli in ciafcunluogo il buon modo di fabricare ."
AC-B4-P318-07,4,XIX,,319,measurement_statement,opening,openings_and_light,0.57,True,automatic_unverified_candidate,"Di quello Tempio ho fatto cinque tauole . NELLA Prima è difegnata la Pianta . Nella Seconda è la metà d ella facciata eh e è rincontro alla Porta,n ella parte di dentro ."
AC-B4-P318-08,4,XIX,,319,measurement_statement,column_order,orders_and_detail,0.57,True,automatic_unverified_candidate,"Nella Terza vi è il diritto di parte del fianco . Nella Quarta , & Quinta vi fono gli ornamenti dei Tabernacoli , delle colonne , & de ilòffitti , i quali tutti fono contrafegnati con lettere ."
AC-B4-P324-02,4,XXX,124,325,measurement_statement,site_orientation,site_and_orientation,0.57,True,automatic_unverified_candidate,"Gli Interco - lunnij fono meno di due diametri . Le bafe delle colonne fono compolle dell ’ Attica,e della Ionica ; fono alquanto diuerfe da quelle che fi fogliono fare ordinariamente , ma però fono fatte con bella maniera ."
AC-B4-P328-02,4,XXXI,,329,measurement_statement,column_order,orders_and_detail,0.57,True,automatic_unverified_candidate,"L ’ afoetto foo era l ’ Alato à torno . La fua maniera era di fpefTe colonne . Gli intercolunnij erano la undecima parte del diametro delle co lonne meno di un diametro emezorilcheio reputo degno di auertimento , per non hauer ueduto intercolunnij cofi piccioli in alcun ’ altro edificio antico ."
AC-B4-P328-03,4,XXXI,,329,measurement_statement,temple,building_type_and_composition,0.57,True,automatic_unverified_candidate,"Io ne ho fatto cinque tauole . NELLA Prima , è la Pianta . Nella Seconda,è l ’ Alzato della metà della fronte , fuori del portico ."
AC-B4-P328-04,4,XXXI,,329,measurement_statement,temple,building_type_and_composition,0.57,True,automatic_unverified_candidate,"D , E il modeno della porta . Nella Terza , è l ’ Alzato della metà della fronte , fiotto il portico , cioè leuate uia le prime co lonne , A , E : il profilo de ’ pilaftri che fono intorno alla Cella del Tempio , all ’ incontro delle co lonne de ’ portici ."
AC-B2-P143-01,2,XVII,71,144,condition|purpose,other,unclassified,0.52,False,automatic_unverified_candidate,"Cap . XVII . IA INTENTIONE era parlar dolo di quelle fabriche , le quali ouero follerò compiute,ouero cominciate,e ridotte à termine che predo le ne potede Iperare il compimento : ma conofcendo il più delle volte auenire , che lia dibifogno accom - modarlì à i lìti , perche non Tempre lì fabrica in luoghi aperti ; mi fono poi perfuafo non douerelfer fuori del propofitonodro , lo aggiugnere a dilegui podi di fopra _ alcune poche inuentioni fat te da me a requilìtione di diuerlì Gentil ’ huo - mini , le qualiefsi non hanno poi efequito per quei rifpetti , che fogliono auenire ."
AC-B3-P160-07,3,VI,,161,recommendation|condition,roof,roof,0.52,False,automatic_unverified_candidate,"Ma fe fi uorràdiuidcre il luogo per il caminar de gli huomini , da quello,che ferue per l ' ufo de ' carri , & delle beftie ; mi piacerà chele ftrade fiano cofidiuife , che dall ’ una , e dall ’ altra parte ui fiano fatti i portici , per iquali al coperto poffano i cittadini andare à far i lor ne gotij fenza effer ofFefi dal Sole , dalle pioggie , e dalle neui , nelqual modo lono quafi tutte le ftra de di Padoa Città antichisfima , e celebre per il ftudio ."
AC-B3-P163-06,3,IIII,,164,condition|purpose,vertical_dimension,vertical_dimensioning,0.52,False,automatic_unverified_candidate,"Onde fi eleggerà quel luogo , nel quale il fiume farà manco profondo , & hauerà il fuo letto , ò fondo uguale , e perpetuo , cioè òdi falTo,ò di tofo ; perche ( come disfi nel primo Libro quando parlai de ’ luoghi da poner le fundamenta ) il falfo, & il to fo fono fondamento buonisfimo nelle acque : oltra di ciò fi deuono Ichifareigorghi , e le uora - gini , & quella parte dell ’ alueo , ò letto del fiume , che farà ghiarofa , o fabbionegna ."
AC-B3-P164-07,3,VI,12,165,condition|purpose,urban_public,urban_and_public_architecture,0.52,False,automatic_unverified_candidate,"Onde perche ancor io ui ho penfato alquanto fopra , non ho uoluto lai Far quefta occafione d i porre quel modo , che nella mia giouentù , quando pri ma lesfi i detti Commentari , m ’ imaginai ; perche per mio creder molto fi confa con le parole di Cefare ; & perche riefee mirabilmente , come s ’ è ueduto l ’ effetto in un ponte ordinato dame fu - bito fuori di Vicenza fopra il Bacchigliene ."
AC-B3-P165-02,3,,,166,condition|purpose,urban_public,urban_and_public_architecture,0.52,False,automatic_unverified_candidate,"Et medefimamente ne aggiogneuano altri nella parte di fopra del Ponte , lafciatoui mediocre Ipacio : accioche fe tronchi d ’ arbori , ouero uafcelli follerò da Bar bari mandati giù per il fiume per ruinar l ’ opera , con quelli riparili fcemalfe lalor uiolenza , di modo che non noceffero al Ponte ."
AC-B3-P196-01,3,XI,,197,condition|purpose,other,unclassified,0.52,False,automatic_unverified_candidate,"Scriue Cefare ne ’ fuoi Commentari ) , che elfendo egli all ’ im - prouifo alfalito da ’ Nerui,e uedendo che la fettimalegione , e la duodecima erano di maniera ri Uretre , che non poteuano combattere j commandò che fi allargaffero , e fi mettelfero luna àfian chi dell ’ altra , accioche hauelfero commodità da adoperar l ’ arme , & non potelfero elfer da nimi ci circondate : ilche con preftezza fatto da foldati , diede à lui la uittoria , & à loro fama e nome immortale di ualorofi , e di bene difciplinati ; conciofiache nell ’ ardor della battaglia quando le cofe erano in pericolo , e piene di tumulto facelfero quello , che à molti à tempi nollri par diffici - lisfimo da farli quando anco gli nimici fono lontani , et fi hà commodità di tempo , e di luoco , Di quelli tai gloriofi fatti ne fono quali piene tutte le Greche e Latine Hillorie , e non è dubbio che di loro nó folfe cagione il continuo efercitarfi de ’ giouani ."
AC-B4-P210-07,4,,3,211,condition|purpose,temple,building_type_and_composition,0.52,False,automatic_unverified_candidate,"Cosi compartirono gli Antichi iloro Tempij , co me ci insegna Vitruuio , e uolsero che si facessero i portici , sotto i quali nei cattiui tempi potessero gli huomini schifar il Sole , la pioggia , la grandine,e la neue ; & nei giorni solenni tratenersi fin che uenis se l ’ hora del sacrificeio : ma noi , lasciati i portici intorno , edifichiamo li Tempij , che si assimigliano molto alle Basiliche , nelle quali , come è stato detto , si faceuano i portici nella parte di dentro , come noi facciamo horanei Tempij : ilche è auuenuto perche li primi che alla nostra religione si diedero dalla uerità illuminati ; erano soliti per timor de i Gentili raccogliersinelle Basiliche di huomini pri uati : onde uedendo poi che questa forma riusciua molto commoda , percioche si poneua con molta dignità l ' altare nel luogo del Tribunale , & il Coro staua acconciamente intorno all ' altare ; & il rima nenre eralibero per il popolo ; non siè più mutata , e però nel compartimento delle ale che noi faccia mo ne i Tempij si auuertirà à quello ch è stato detto quando trattammo delle Basiliche ."
AC-B4-P239-01,4,,39,240,condition|purpose,opening,openings_and_light,0.52,False,automatic_unverified_candidate,"Questo luoso uolgarmente chiamano le Galluce , onde alcuni hanno detto , che quiui era la Basilica di Caio , & di Lucio , la quale insieme con un bel portico fece fa re Augusto à nome di Caio , & di Lucio suoi nepoti ; il che non credo esser uero perche questo edificio non ha alcuna di quelle parti , che si ricercano nelle basili che , lequali come si facessero ho detto di sopra nel terzo libro , quando secondo quello che ne dice Vitruuio diuisai iluoghi delle piazze ;"
AC-B1-P010-04,1,I,6,11,obligation,circulation,circulation,0.47,False,automatic_unverified_candidate,"Nel fecondo tratterò della qualità ) delle fabriche,che à diuerfi gradi d ’ huomini fi conuengono,e prima di quelle della Città,e poi de i fi - , ti opportuni , & commodi per quelle di Villa , e come deono elfiere compartite ."
AC-B1-P011-05,1,II,7,12,obligation,other,unclassified,0.47,False,automatic_unverified_candidate,"E benchè ; Vitruuio,Leon Battifta Alberti, & altri eccellenti lerittori habbiano dato quegli auuertimenti , che li debbono hauere nell ’ elegger elfa ma teria ; io nondimeno acciò che niente in quelli miei libri paia mancare , ne dirò alcuni , reftringendo - miàipiù necelfirij . ' f ' M ‘ - ufo \ pi M fp ' i ' hr i DE I LEGNAMI Cap ."
AC-B1-P011-09,1,II,7,12,obligation,other,unclassified,0.47,False,automatic_unverified_candidate,"Non fi deono tirare per la rugiada , ma dopo il mezodì : nè fi deono lauorare,elfendo di rugiada bagnati,ò molto fecchi ; percioche quel li facilmente fi corrompono,e quelli fanno bruttifsimo lauoro :"
AC-B1-P012-02,1,IIII,,13,obligation,other,unclassified,0.47,False,automatic_unverified_candidate,"Le pietre , che fi fanno da gli huomini,volgarméte per la loro forma fi chiamato quadrelli : quelle ceo - tio farli di terra cretofa,bianchiccia,e domabile : fi lalcierà del tutto la terraghiarofa,e làbb ioniccia . | Si caueràla terra nell ’ Autunno , e fi macererà nel Verno , e fi formeranno poi i quadrelli coimmcda - j mente la Primauera ."
AC-B1-P012-04,1,IIII,,13,obligation,other,unclassified,0.47,False,automatic_unverified_candidate,"Si fanno e maggiori , e minori fecondo la qualità de gli Edifìci ; da farli , e fecondo che di loro ci vogliamo feruire tonde gli Antichi fecero i mattoni f de i publici , e grandi edificij molto maggiori de i piccioli , e priuati , Quelli che alquanto grofsi fi j fanno ; fi deono forare in più luoghi , acciò che meglio fi fecchino , e cuocano ."
AC-B1-P012-09,1,IIII,,13,obligation,material,materials,0.47,False,automatic_unverified_candidate,"Si cauano ne i monti di Padoa alcune pietre fcagliofe , la calce delle quali è eccellente nelle opere che fi fanno llao fcoperto, & nell ’ acque : percioche prefto fa prefa,e fi mantiene lungamente ."
AC-B1-P013-02,1,,9,14,obligation,opening,openings_and_light,0.47,False,automatic_unverified_candidate,"Di piombo fi cuoprono i Palagi magnifici,i Tempij , le torri, & altri edifici ) publici : fi fanno le fiflu le,ò canaletti che diciamo da condurre le acque : e li affermano con piombo i cardini,e le ferrate nel le erte delle porte , e delle finellre ."
AC-B1-P014-02,1,VII,,15,obligation,other,unclassified,0.47,False,automatic_unverified_candidate,"Io ho fin qui efpofto quanto mi è parfo necelfario di quelle cofe , che fi deono confideri - re , & apprellare , auantiche a fabricar lì incominci : rclla hora che alcuna cofa diciamo de ’ fondi - menti : da ' quali la preparata materia lì comincia à mettere in opera ."
AC-B1-P014-07,1,VII,,15,obligation,construction,construction,0.47,False,automatic_unverified_candidate,"Male fi ha da fabrica - re in terreno molfo , e non fodo ; all ’ hora fi deue cauare fin che fi ritroui il fodo terreno , e tanto ancho in quello , quanto richiederanno lagrollezza de ’ muri , e la grandezza della fabrica ."
AC-B1-P015-04,1,VILI,,16,obligation,construction,construction,0.47,False,automatic_unverified_candidate,"Si fanno alcuna volta ( massimamente nei terreni paludosi , doue intervengano colonne ) pef far minore spesale fondamenta non continouate , ma con alcuni volti , e sopra quelli poi si fabrica ."
AC-B1-P015-05,1,VILI,,16,obligation,construction,construction,0.47,False,automatic_unverified_candidate,"Sono assai lodevoli nelle fabriche grandi alcuni spiragli per la grossezza del muro dalle fon damenta sino al tetto , percioche danno esito a venti , che meno diano noia allafabrica , scemano la scesa , esono , di non picciola commodità , se in quelli si faranno scale a lumaca : le quali portino dal fondamento sino al sommo dell ’ edificio ."
AC-B1-P020-15,1,XIIII,6,21,obligation,opening,openings_and_light,0.47,False,automatic_unverified_candidate,"Mafe fi faranno porte,ò loggie con gli Archi ; fi feruaranno le mifure polle neldile -"
AC-B1-P023-06,1,,,24,obligation,material,materials,0.47,False,automatic_unverified_candidate,Mafc fi faranno gli Architraui di pietra ; fi feruarà quanto è fiato detto di fopra de gk intercolunni ) .
AC-B1-P056-06,1,XXI,52,57,obligation,room_proportion,space_organization_and_proportion,0.47,False,automatic_unverified_candidate,"Le Sale Temono à felle , à cóuiti,ad apparati per recitar comedie,nozze,e limili follazzi : e però deono quelli luoghi elfer mol to maggiori de gli altri, & hauer quella forma,che capacifsima lia : acciò che molta gente commoda - mcnte ui polfa ftare, & vedere quello che ui fi faccia ."
AC-B1-P059-01,1,XXV,55,60,obligation,opening,openings_and_light,0.47,False,automatic_unverified_candidate,"Percioche à far le porte principali fi deue l ’ Architetto accommodare alla grandezza della fabrica , alla qualità delpadrone, & alle cole,che per quelle deono edere condotte , e porta te ."
AC-B1-P059-03,1,XXV,55,60,obligation,opening,openings_and_light,0.47,False,automatic_unverified_candidate,"Si deue eleggere il luogo per le porte principali , ove facilmente da tutta la cafa fi polla andare ."
AC-B1-P059-06,1,XXV,55,60,obligation,other,unclassified,0.47,False,automatic_unverified_candidate,"Però fi hauerà molto rifguardo alla grandezza delle ftanze,che da quelle deono riceuere il lume :"
AC-B1-P059-13,1,XXV,55,60,obligation,other,unclassified,0.47,False,automatic_unverified_candidate,"Deono le fineftre allontanarli da gli angoli , ò cantoni della fabrica , come di fopra è flato detto : perciochcnondeueeffereaperta, & indebolitaquellaparte,laqualeha da tener diritto , & infieme tutto ’ l rollante dell ’ Edificio ."
AC-B1-P064-04,1,XXVII,6,65,obligation,other,unclassified,0.47,False,automatic_unverified_candidate,"I fumaruoli , cioè i buchi per doue ha da vfoirc il fumo ; deono effere larghi,elontani da ogni materia atta ad abbruciarli ."
AC-B1-P064-05,1,XXVII,6,65,obligation,other,unclassified,0.47,False,automatic_unverified_candidate,"Le Nappe,Sopra le quali fifa la Piramide del camino ; deono eifer lauorate delicatifsimamente , & in tuttolontanedalRuftico : perciochel ’ operarufticanonficonuiene,fo non à molto grandi Edifici ; per le ragioni già dette ."
AC-B1-P071-02,1,XXIX,7,72,obligation,other,unclassified,0.47,False,automatic_unverified_candidate,"Quelli colmi fi deono fa re e più,c meno alti fecondo le regioni oue lì fabrica :"
AC-B2-P075-01,2,,3,76,obligation,other,unclassified,0.47,False,automatic_unverified_candidate,"DEL DECORO , O ' CONVENIENZA , CHE fi deue olferuar nelle fabriche prillate ."
AC-B2-P075-03,2,,3,76,obligation,roof,roof,0.47,False,automatic_unverified_candidate,"Però douerà l ’ Architetto fopra ’ l tutto aucrtire , che ( come dice Vitruuio nel primo , e fello libro ) a Gentil ’ huomini grandi , e masfimamente di Republica fi richiederanno cafe con loggie , e fole Ipatiofo , & ornate : acciò che in tai luoghi fi polfono trattenere con piacere quel li , che afpettaranno il padrone per folutarlo , ò pregarlo di qualche aiuto,e fauore :"
AC-B2-P075-05,2,,3,76,obligation,other,unclassified,0.47,False,automatic_unverified_candidate,"Percioche fi come nei corpo humano fono alcune parti nobili,e belle , & alcune più todo ignobili , e brutte , che altramente , e ueggiamo nondimeno che quelle hanno di quede grandisfimo bifogno , ne fenza loro potrebbono dare ; coli ancho nelle fabriche deono elfere alcune parti riguardeuoli , & honorate , & alcune meno elegan ti : fenza Iequali però le fudette non potrebbono redar libere , & coli perderebbonoin parte della lor dignità , & bellezza ."
AC-B2-P076-02,2,III,4,77,obligation,other,unclassified,0.47,False,automatic_unverified_candidate,"Ma le ftanze grandi con le mediocri,e que j fte con le picciole deono eifere in maniera copartite,che ( come ho detto altroue ) una parte della fa - j brica corrilponda all ’ altra , e cofi tutto il corpo dell ’ edificio habbia in fe una certa cóuenienza di mé bri,che lo réda tutto bello,e gratioib ."
AC-B2-P076-04,2,III,4,77,obligation,other,unclassified,0.47,False,automatic_unverified_candidate,"Cap . III . O mi rendo ficuro , che apprello coloro , che uederanno le fotto polle fabriche , e conolcono quanto fia diffidi cofa lo introdurre una ufanzanuoua , masfimamen - te di fabricare , dellaqual profesfione ciafcuno fi perfuade faperne la parte fua ; io farò tenuto molto auenturato , hauendo ritrouato gentil ’ huomini di cofi nobile,e gcnerofo animo, & eccellente giudicio , c ’ habbiano creduto alle mie ragioni , e fi ( fiano partiti da quella inuecchiata ulanza di fabricare fenza grafia , e fenza bellez za alcuna ; óc in uero io non polfo fe non fommamentcringratiare Iddio ( come in tutte le noftre at - tioni fi deue fare ) che m ’ habbia predato tanto del fuo fauore , ch ’ io habbia potuto praticare molte di quelle cofe , lequali con mie grandisfime fatiche per li lunghi uiaggi c ’ ho fatto , e con molto mio Audio ho apprefe ."
AC-B2-P118-02,2,,,119,obligation,opening,openings_and_light,0.47,False,automatic_unverified_candidate,"Si rifguarderà ad allogare commodamente , e fenza drettezza alcuna gli huomini all ’ vfo della Villa applicatagli animali,le entrate,e gli illrumenti . l . e danze del Fattore , del Gallaldo,c de ’ lauoratori deono dière in luogo accommodato , e pronto alle porte, & alla cudodia di tutte l ’ altre parti ."
AC-B2-P118-08,2,,,119,obligation,other,unclassified,0.47,False,automatic_unverified_candidate,L ’ altre faluarobe ancora per le dette cagioni alla medelìma parte del cielo deono Riguardare .
AC-B3-P155-02,3,,,156,obligation,other,unclassified,0.47,False,automatic_unverified_candidate,"Dalle qual co - fe , cllèndo l ’ A . V . dotata delle piu nobili arti , e fcientie ; piglierànon poca contentezza,c conio latione conliderando le fottili , e belle inuentioni de gli huomini , e la uera fcienza di quell ’ arte , daleimoltobeneintefa,eridottaàrara,eperfettaperfettione ; come dimoltrano gli Illullri,e reali edificij fatti fare , e che tutta uia fi fanno in diucrfi luoghi dell ’ amplisfimo , e felicisfimo fuo ( lato ."
AC-B3-P159-02,3,,,160,obligation,other,unclassified,0.47,False,automatic_unverified_candidate,"Saranno ficure , fe fifaranno pericolli,ouerole,douendofifarpericampi,fecondoilco fiume antico fi farà un ’ argine , ( opra ilquale fi camini ; & fe non haueranno appreifo luoghi , ne ’ quali commadamente i ladri , & gli inimici fi pofiano nafcondere ; percioche i peregrini , & gli eferciti in tali ftrade polfono guardarli da torno , e facilmente difcoprire fe folfe loro tefa alcuna infidia ."
AC-B3-P160-01,3,VI,,161,obligation,site_orientation,site_and_orientation,0.47,False,automatic_unverified_candidate,"* LIBRO tà in luogo frigido , & di aria fottile , & fi faranno in quella gli edifieij molto alti , tanto più fi dou ranno far le ftrade larghe , acciò che polfano edere uiiìtate dal Sole in ciafcuna lor parte ."
AC-B3-P160-03,3,VI,,161,obligation,opening,openings_and_light,0.47,False,automatic_unverified_candidate,"Le uie principali , che militari hauemo nomate ; fi deono nelle Città compartire , che cammino diritte , e uadino dalle porte della Città per retta linea à riferire allapiazza maggiore , & princi pale ^ alcuna uolta ancho ( elfcndone ciò dal fito concedo ) conduchino coli diritte fino alla por ta oppolìta : e fecondo la grandezza della Città fi faranno per la medefima linea di tali ftrade , tra la detta piazza principale , & alcuna , qual fi uoglia delle porte ; una,ò più piazze alquanto mino ri della detta fua principale ."
AC-B3-P160-04,3,VI,,161,obligation,temple,building_type_and_composition,0.47,False,automatic_unverified_candidate,"L ’ altre ftrade ancor elle fi deono far riferire le più nobili non lolo alla principal piazza , ma ancora à i più degni Tempij , palagi , portici, & altre publiche fabriche ."
AC-B3-P160-05,3,VI,,161,obligation,other,unclassified,0.47,False,automatic_unverified_candidate,"Ma in quello compartimento delle uie fi deue con fomma diligenza allertil e , che ( come ci infé gna Vitruuio al cap ."
AC-B3-P163-01,3,IIII,,164,obligation,other,unclassified,0.47,False,automatic_unverified_candidate,"TERZO , zi D I Q _ V ELLO , CHE NEL F A B R I CARE I PONTI fi deueolferuare , e delfito che fi deue eleggere ."
AC-B3-P163-05,3,IIII,,164,obligation,urban_public,urban_and_public_architecture,0.47,False,automatic_unverified_candidate,"Manell ’ eleggeril fitoper fabricarli , fi deue auertire di eleggerlo tale , che fi polla Iperare,che debba elf ^ r perpetuo il ponte che ui fi fabricherà ; & oue fi polla far con quel la minor Ipefa , che fia posfibile ."
AC-B3-P168-03,3,VILI,5,169,obligation,other,unclassified,0.47,False,automatic_unverified_candidate,"I ponti adunque , fecondo la prima inuentione fi faranno in quello modo ."
AC-B3-P173-01,3,XI,,174,obligation,urban_public,urban_and_public_architecture,0.47,False,automatic_unverified_candidate,"TERZO . ai terren fodo , c nonpotendofi hauer cofi fatte ripe per lor natura fcrmisfime , fi faranno ferme . , c forti con l ’ arte , facendoui altri pilallri , & altri archi , onde fele ripe folfero dall ’ acqua minate , non rimanefTe lauia alponte interrotta ."
AC-B3-P173-09,3,XI,,174,obligation,material,materials,0.47,False,automatic_unverified_candidate,"Il pauimentode ’ pontifideuelallricare,in quelTiltelfo modo che fila - llricanole uie,dellequali è flato detto di lòpra : onde elfendoliueduto quanto fi deue auertire nell ’ edificare i ponti dipietra , è tempo che pasfiamo a ’ difegni ."
AC-B3-P184-01,3,XVII,,185,obligation,construction,construction,0.47,False,automatic_unverified_candidate,"Il LIBRO auditori , Nella parte uolta alla più caldi * regione del Cielo à canto la piazza , fi farà la Bafilica , cioè il luogo doue fi rende Giuftitia , e doue concorre gran parte del popolo , & huomini da fa - cende ; dellaquale tratterò particolarmente , poi c ’ harò detto come i Greci , & come i Latini fa ceuano le lor piazze , e di ciafcuna barò porto i difegni , DELLE PIAZZE DE I GRECI ."
AC-B4-P206-01,4,II,,207,obligation,other,unclassified,0.47,False,automatic_unverified_candidate,"LIBRO DELLE FORME DE TEMPII , ET Del Decoro , CHE IN QVELLI SI DEVE OSSERVARE ."
AC-B4-P206-07,4,II,,207,obligation,temple,building_type_and_composition,0.47,False,automatic_unverified_candidate,"M . & si conseruino in lo ro le piu celebri , & le piu degne memorie delle Città ; onde , & per questa ragione anco ra , si deue dire , che la figura ritonda , nella quale non è alcun ' angolo ; à i Tempij somma mente si conuenga ."
AC-B4-P207-03,4,III,,208,obligation,other,unclassified,0.47,False,automatic_unverified_candidate,"Impe roche al Culto Diuino , per ilquale essi si fanno , si richiede ogni magnificenza , e grandexza ."
AC-B4-P207-04,4,III,,208,obligation,other,unclassified,0.47,False,automatic_unverified_candidate,"Si faranno dimateria eccellentissima , & della piu preciosa ; ac cioche con la forma , con gli ornamenti , & con la materia si honori quanto più si può la Di uinità : e se possibil fosse , si doueriano hare , chauessero tanto di bellezza , che non si potesse imaginare cosa piu bella ; & cosi in ogni loro parte disposti , che coloro che ui entrano si mera uigliassero , & stessero con gli animi sospesi nel considerare la gratia , e uenustà loro ."
AC-B4-P207-07,4,III,,208,obligation,site_orientation,site_and_orientation,0.47,False,automatic_unverified_candidate,"Per uenire dunque al proposito nostro , i Tempij si fanno , ô con iportici , osenza portici ."
AC-B4-P208-01,4,IIII,,209,obligation,temple,building_type_and_composition,0.47,False,automatic_unverified_candidate,"Ma se ài Tempij si fan noi portici , all hora , ô si fanno intorno à tutto il Tempio , ò nella fronte solamente ."
AC-B4-P209-08,4,V,,210,obligation,temple,building_type_and_composition,0.47,False,automatic_unverified_candidate,"Questo nondimeno con estrema cura si deue osserua re ne i Tempij , percioche alla Diuinità sono consacrati , per honore , & osseruanza ( A ) della quale si deue operare quanto si può di bello , e di raro ."
AC-B4-P209-10,4,V,,210,obligation,column_order,orders_and_detail,0.47,False,automatic_unverified_candidate,"L ' Architraue , il Fregio , & gli altri ornamenti si fanno secondo è stato detto nel primo libro , cosi in questa come in tutte l ' altre sorti di Tempij ."
AC-B4-P210-02,4,,3,211,obligation,column_order,orders_and_detail,0.47,False,automatic_unverified_candidate,"L ' altezzi delle colonne si farà secondo che sa ranno ò loniche , ô Corinthie ."
AC-B4-P210-08,4,,3,211,obligation,other,unclassified,0.47,False,automatic_unverified_candidate,"Appresso il Tem pio si fanno le habitationi per li sacerdoti , le quali deono esser commode conspaciosi chioftri , e con bei giardini , e specialmente i luoghi perle sacre Vergini deono essere sicuri , alti , e lontani dalli stre piti , e dalla ueduta delle genti ."
AC-B4-P241-02,4,XII,11,242,obligation,column_order,orders_and_detail,0.47,False,automatic_unverified_candidate,"I modiglioni , che sono nella cornice del Frontespicio sono diritti à Nella parte di dentro del Tempio ui doueuano essere i porti piombo , e cosi si deono fare . ci , come io ho disegnato ."
AC-B4-P261-03,4,XVI,53,262,obligation,opening,openings_and_light,0.47,False,automatic_unverified_candidate,"Di questo inuentione mi son seruito ancor io , nelle colonne c ' ho posto per ornamento alla porta della Chie San Georgio Maggiore in Venetia : le quali non giugneuano con la loro Iungheaza fin doue faceu I Cap̄ di mestieri : e sono di cosibel marmo , che non meritauano di esser lasciate fuori di opera . telli sono composti di lonico , e di Corinthio,i quali come si deono farc è stato detto nel primo libro , & hanno le foglie di Acanto ."
AC-B1-P009-01,1,,,10,,other,unclassified,0.4,True,automatic_unverified_candidate,"Scritrouandoledi molto maggiore ofleruatione degne,eh ’ io nó mi haueuaprimapenfato ; iX ' S ' f * ; comm ciai à mifurare minutifsimaméte confomlna diligenza cialcuna parte loro : delle quali tanto diuenni lòllecito inueftigatore,nó vi fapendo conolcer cofa,che có ragione, & con bella proportione non luf fe latta,che poi non vna,ma più e più volte mi fon trasferito in diuerfe parti d ’ Italia , & fuori per pote re intieramente da quelle,quale fulfe il tutto,comprendere , & in difegno ridurlo ."
AC-B1-P020-12,1,XIIII,6,21,,other,unclassified,0.4,True,automatic_unverified_candidate,"Onde potrà ciafcuno facendo il Modulo maggiore,e minore fecondo la qualità della fabrica feruirfi delle proportioni, & delle facome difegnate à ciafcun ’ ordine conuenienti ."
AC-B1-P055-03,1,XIX,5,56,,other,unclassified,0.4,True,automatic_unverified_candidate,"E quelle fono bellifsime forme di piedeftili , e c ’ hanno bella proportione al - l ’ altre parti ."
AC-B1-P056-05,1,XXI,52,57,,other,unclassified,0.4,True,automatic_unverified_candidate,"Molti altri limili abuli potrei raccontare , come di alcuni membri,che nelle cornici li fanno fenza proportione à gli altri , i quali per quello c ’ ho moli rato di fopra e per li già detti fi lafcieranno facilmente conolcere ."
AC-B1-P058-01,1,XXIIII,,59,,vertical_dimension,vertical_dimensioning,0.4,True,automatic_unverified_candidate,"I B R O Si può ancho ritrouarevn ' altra altezza , che fati minore : ma nódimeno proportionata alla ftanza in quello modo ."
AC-B3-P170-04,3,I,3,171,,urban_public,urban_and_public_architecture,0.4,True,automatic_unverified_candidate,"I ponti di quelle quattro maniere fi potranno far lunghi quanto richiederà il bifogno,facendo maggiori tutte le parti loro àproportione , A > E ' fi diritto del ponte per fianco ."
AC-B3-P177-03,3,XIII,5,178,,other,unclassified,0.4,True,automatic_unverified_candidate,"Nelle proportioni de ' pilaftri , e de gli archi se olTeruato queU ’ iftelfo ordine , e quelle iftelfe regole , che fi fono ofTeruate ne ’ ponti polli di fopra s e ciafcuno da per fe potrà facilmente ritro - « arle ."
AC-B4-P203-02,4,,,204,,temple,building_type_and_composition,0.4,True,automatic_unverified_candidate,"E ueramente considerando noi questa bella machina del Mondo di quanti merauigliosi ornamen ti ella sia ripiena ; & comei Cieli co ' l continuo lorgirare uadino in lei le stationi secondo il na tural bisogno cangiando , & con la soauissima armonia del temperato lor mouimento se stessi conseruino ; non possiamo dubitare , che douendo esser simili : piccioli Tempij , che noi faccia mo ; à questo grandissimo dalla sua immensa bontà con una sua parola perfettamente compiuto , non siamo tenuti à hare in loro tutti quelli ornamenti , che per noi siano possibili ; & in modo , e con tal proportione edificarli , che tutte le parti insieme una soaue armonia apportino à glioc chi de riguardanti , & ciascuna da per se all ' uso , alquale sarà destinata conueneuolmente serua ."
AC-B4-P207-02,4,III,,208,,column_order,orders_and_detail,0.4,True,automatic_unverified_candidate,"Deuono hauere i Tempij i portici ampij , & con maggior colonne di quello , che ricerchino le altre fabriche , & stà bene che essi siano grandi , e Magnifici ( ma non però maggiori di quel lo , che ricerchi lagrandexza della Città ) & con grandi , ebelle proportioni fabricati ."
AC-B4-P209-07,4,V,,210,,other,unclassified,0.4,True,automatic_unverified_candidate,"Cap . V . DEL COMPARTIMENTO DE I TEMPII . ENCHE in tutte le fabriche si ricerchi , che le parti loro insieme correspondano , & habbiano tal proportione , che nessuna sia , con la quale non si possa misurare il des tutto , & le altre parti ancora :"
AC-B4-P248-05,4,XIII,48,249,,opening,openings_and_light,0.4,True,automatic_unverified_candidate,"Gli ornamenti della porta del tempio sono molto belli , e con bella proportione ."
AC-B4-P264-01,4,XVII,,265,,temple,building_type_and_composition,0.4,True,automatic_unverified_candidate,"LIBRO DEL TEMPIO DI BRAMANTE . Cap . XVII . OICHE la grandexza dell ' Imperio Romano cominciò à declinare per le conti nue inondationi de Barbari ; l ' Architettura , si come all ' hora auenne ancho di tutte l ' altre Arti , e Scienze ; lasciata la sua primiera bellezza , & uenustà andò sempre peggiorando fin che non essendo rimasa notitia alcuna delle belle proportioni , & della ornata maniera di fabricare , si ridusse à tal termine , che à peggior non poteua peruenire ."
AC-B1-P010-07,1,I,6,11,condition,room_proportion,space_organization_and_proportion,0.35,False,automatic_unverified_candidate,"La commodità fi haurà , quando àciaficun membro farà dato luogo atto , fitoaccommodato , non minore che la dignità fi ricchiegga , ne maggiore che l ’ vfiofi ri - cerchi : & farà poflo in luogo proprio,cioè quando le Loggie,le Sale,le Stanze,le Cantine,e i Grana ri faranno polli a ’ luoghi loro conueneuoli ."
AC-B1-P010-08,1,I,6,11,condition,construction,construction,0.35,False,automatic_unverified_candidate,"Alla perpetuità fi haurà rifguai do,quando tutti i muri fa ranno diritti à piombo,più grofisi nella parte di fiotto,che in quella di fiopra, & haueranno buone, & fiof ; fidenti le fondamenta : & oltre à ciò , le colonne di fiopra faranno al dritto di quelle di fiotto , & tut - ti i fori , come vici , e fer ^ llre faranno vno fiopra l ’ altro : onde il pieno venga fiopra il pieno , & il voto j foprailvoto ."
AC-B1-P011-03,1,II,7,12,purpose,other,unclassified,0.35,False,automatic_unverified_candidate,"E perche di tutte quelle par ti fi dirà minutamente a luoghi loro ; ballerà per hora hauer dato quella vniuerfale cognitione , e fat to come un ’ abbozzamento di tutta la fabrica ."
AC-B1-P011-11,1,II,7,12,purpose,other,unclassified,0.35,False,automatic_unverified_candidate,"I marmi , e le pietre viue fi lauoreranno fubito cauate : perche farà più facile il lauorarle all ’ hora , che fe per alcun tempo fulfero fiate al l ’ aere , elfendo che tutte le pietre , quanto più Hanno cauate,tanto più diuengono dure : e lìpotranno metter fubito in opera ."
AC-B1-P012-01,1,IIII,,13,purpose,construction,construction,0.35,False,automatic_unverified_candidate,"& LIBRO ! accioche Icelte quelle , che faranno fiate offefe ; fiano polle nelle fondamenta , e l ’ alrre non guafte , come approuate ; fi pongano jopra la terra nelle fab riche : perche lungamente fi manterranno ."
AC-B1-P012-06,1,IIII,,13,purpose,other,unclassified,0.35,False,automatic_unverified_candidate,"Per lunga efperienza s ’ è villo , che la bianca tra le arene di caua è la peggiore , & che fra le arene di fiume la migliore è quella di torrente , che fi troua fotto la balza , onde l ’ acqua feende : perche è più purgata ."
AC-B1-P012-07,1,IIII,,13,purpose,construction,construction,0.35,False,automatic_unverified_candidate,"L ’ Arena di caua perche è graffa ; è più tenace : ma fi fende facilmente : e però fi vfa ne i muri,e ne i volti continouati ."
AC-B1-P012-08,1,IIII,,13,purpose,other,unclassified,0.35,False,automatic_unverified_candidate,"Quella di mare , perche tolto fifecca , eprellofibagna , eli disfaperlo fallò ; è meno atta à foltenere i peli ."
AC-B1-P012-11,1,IIII,,13,purpose,material,materials,0.35,False,automatic_unverified_candidate,"Dipoi fi riponga in luogo humido , e nell ’ ombra , fenza melcolar ui cofa alcun a , folamente di leggiera labbia coprendola : e quanto farà più macerata , tanto farà più tenace , e migliore , eccetto quella , che di pietra Icagliofa farà fatta , come la Padoua - na ; perche fubito bagnata ; bifogna metterla in opera : altrimenti fi confuma , & abbrucia : onde non % prefa , e diuiene del tutto inutile ."
AC-B1-P013-03,1,,9,14,purpose,other,unclassified,0.35,False,automatic_unverified_candidate,"Il negro coli fi chiama,non perche fia ueramente ne gro , ma perche è bianco con alquanto di negrezza : onde à rilpetto del bianco con ragione gli Anti chi gli diedero tal nome ."
AC-B1-P013-04,1,,9,14,purpose,other,unclassified,0.35,False,automatic_unverified_candidate,"Ogni forte di piombo facilmente fi fonde : per che con l ’ ardore del fuoco fi liquefà prima che fi accenda : ma pollo in fornaci ardentifsime non con - forua lafua fpecie,e non dura : perche una parte fi muta in litargirio , un ’ altra in Molibdena ."
AC-B1-P013-08,1,,9,14,purpose,other,unclassified,0.35,False,automatic_unverified_candidate,"Si tiene per eccellentifsimo , e per lo migliore quello,che cotto,e cauato pervia del fuoco dalle minerali è di color rolfo tendente al giallo, & è ben fiorito,cioè pieno di buchi : perche quello è fogno ch ’ egli fia purgato , e libero da ogni feccia ."
AC-B1-P014-04,1,VII,,15,condition,construction,construction,0.35,False,automatic_unverified_candidate,"Ma fe laNa - tura non fomminiflrerà le fondamenta ; farà di mellieri cercarle con l ’ arte , & all ’ hora , ò fi haurà da fa - bricare in tcrren fodo , ouero in luogo , oue fia ghiara , ò arena , ò terren molfo , ò molle , e paludofo ."
AC-B1-P015-07,1,VILI,,16,purpose,other,unclassified,0.35,False,automatic_unverified_candidate,"Della reticolata a ’ nostri tempi non sene serve alcuno : ma perche Vitruuio dice , che à ’ suoi tempi communemente si vsaua ; ho voluto porre ancho di questa il dise - ^ A gno ."
AC-B1-P018-02,1,X,14,19,purpose,construction,construction,0.35,False,automatic_unverified_candidate,"Cap . X . E R C H E alcuna Volta occorre che là fabrica tutta , ò buona parte fi faccia di mar mo , ò di pezzi grandi d ’ altra pietra ; mi pare conueneuole in quello luogo di re Come in tal calo faceuano gli Antichi : perche fi vede nell ’ opere loro efiere fia ta vlata tanta diligenza nel congiungere inficine le pietre , che in molti luoghi à pena li difeernono le commelfure : alche deue molto auuertire chi oltre la bellcz - _ _ _ _ za defidera la fermezza,e perpetuità della fabrica ."
AC-B1-P018-03,1,X,14,19,purpose,other,unclassified,0.35,False,automatic_unverified_candidate,"E per quanto ho potuto cópreti dere ; efsi prima fquadrauano,e lauorauano delle pietre quelle faccie fidamente che andauano vnafo pra l ’ altra , lalfando l ’ altre parti roze ; e coli lauorate le metteuano in opera ; onde perche tutti gli orli dolle pietre veniuano ad elfer ( opra fquadra , cioè grofsi,e fodi ; poteuano meglio maneggiarle,e ino uerle più Volte fin che cómettelfcro berte,fenza pericolo di rópcrli , che fe tutte le faccie tufferò fiate lauorate ; perche all ’ hora farebbono fiati gli orli ò à { quadralo fotto fquadra,e cofi molto deboli,e fa T | cili da guaftarli : & in quello modo faceuano tutti gli edificij rozi , ò vogliam dire ruftichi : & efiendo f ioi quelli finiti,andauano lauorando,e polendo delle pietre ( come ho detto ) giamefiè in opera,quel e faccie,eh ’ andauano vedute ."
AC-B1-P023-07,1,,,24,purpose,column_order,orders_and_detail,0.35,False,automatic_unverified_candidate,"Si veggono alcuni edifici ) Antichi , i quali fi polfono dire elfer fatti di quell ’ ordine : perche tengono in parte le medefme mifure , come è l ’ Arena di Verona , l ’ Arena , e Theatro di Pola , e molti altri : da i quali ho prefe le facome coli della Bafa , del capitello , dell ’ architraue , d el fregio , e delle cornice polle nell ’ ultima tauola di quello capitolo ; come ancho quelle dell ’ impofte de uoltfie di tutti que Ili edifici ) ’ porrò i difegni ne ’ miei libri dell ’ Antichità ."
AC-B1-P026-07,1,,,27,condition,column_order,orders_and_detail,0.35,False,automatic_unverified_candidate,"A , Viuo della colonna . B , Cimbia . C , Baffone di fopra . D , Cauetto co ’ liftelli . E , Baffone di fotto . F , Plinto,ouero Zocco . G , Cimacia . - , H , Dado . C del Piedeftilo . I , Bafa . j k , Impofte de gli archi ."
AC-B1-P037-03,1,I,33,38,condition,column_order,orders_and_detail,0.35,False,automatic_unverified_candidate,"B , Canale , ouero incauo della Voluta . C , Ouolo . D , Tondino fiotto l ’ Ouolo . E , Cimbia . F , Viuo della Colonna . G , Linea detta Catheto . Nella pianta del capitello fono i detti membri contralegnati con l ’ illcfic lettere ."
AC-B1-P046-05,1,,42,47,condition,column_order,orders_and_detail,0.35,False,automatic_unverified_candidate,"Si tira poi una lineadaU ’ eftremità delle dette corna , all ’ eftremità dell ’ Afiragalo , ouero tondino della colonna , e fi fa che le lingue delle foglie la tocchino : ouero auancino alquanto più in fora , e quello è il loro Iporto ."
AC-B1-P046-08,1,,42,47,purpose,other,unclassified,0.35,False,automatic_unverified_candidate,"I membri di queft ’ ordine . non fono flati contrafegnati con lettere,come de i partati : perche da quelli fipolfono queftifacilmente conofcere . y DELL ’ OR -"
AC-B1-P053-03,1,,49,54,purpose,other,unclassified,0.35,False,automatic_unverified_candidate,"Di quella forte n ’ ho ueduto uno in Roma : dal quale ho cauate le dette mifure , perche mi è parfo molto bello , e benifsimo intefo ."
AC-B1-P055-04,1,XIX,5,56,condition,opening,openings_and_light,0.35,False,automatic_unverified_candidate,"E quando Vitruuio nel fello libro ragionando de i Theatri fa mcntionc del pog gio ; è da fapere che ’ l poggio è il mcdefmo , che ’ l piedeftilo rilquale è perii terzo della lunghez za delle colonne porte per ornamento della leena ."
AC-B1-P055-05,1,XIX,5,56,purpose,column_order,orders_and_detail,0.35,False,automatic_unverified_candidate,"Medelimamente , perche è molto conueneuole,chc quelle cofe,fopra lequali qualche gran carico è polloni fohizzino ; poforo lòtto le colonne le bafe rlequali con quei lo ro bulloni, & cauctti paiono per lo foprapofto pefo fchizzarfi : coli ancho nelle cornici introdulfei o i Triglifi,i Modiglioni, & i Dentelli : i qualirapprefentalfero le tefte di quelle traui , che ne i palchi , e per foftentamento de i coperti lipongono ."
AC-B1-P057-01,1,XXII,0,58,condition,other,unclassified,0.35,False,automatic_unverified_candidate,"I Palamenti lì fogliono fare ò di terrazzo,come lì via in Venetia,ò di pietre cotte,ouero di pietre viue ."
AC-B1-P057-02,1,XXII,0,58,purpose,other,unclassified,0.35,False,automatic_unverified_candidate,"Quei ter razzi fono eccellenti,che lì fanno di coppo pefto,e di ghiara minuta , e di calcina di cuocoli di fiume,ouer Padouana,e fono ben battuti : e deuonlì fare nella Primaue - ra,ò neU ’ Elfate,accioche lì polfano ben leccare ."
AC-B1-P057-03,1,XXII,0,58,purpose,other,unclassified,0.35,False,automatic_unverified_candidate,"I pauimenti di pietre cotte,perche le pietre li poilono fare di diuerfe forme,e di diuerlì colori per la diuerlìtà delle crete ; riufeirano mol to belli,e vaghi all ’ occhio per la varietà de ’ colori ."
AC-B1-P057-04,1,XXII,0,58,purpose,other,unclassified,0.35,False,automatic_unverified_candidate,"Quelli di pietre viue rarifsime volte lì fanno nel le ftanze : perche nel Verno rendono grandifsimo freddo : ma nelle Loggie,e ne ’ luoghi publici Han no molto bene ."
AC-B1-P058-08,1,XXIIII,,59,condition,other,unclassified,0.35,False,automatic_unverified_candidate,"Di quella forte nè vno in Roma nelle Terme di Tito , e quando io lo vidi era in parte minato ."
AC-B1-P064-01,1,XXVII,6,65,condition,construction,construction,0.35,False,automatic_unverified_candidate,"E quando non ui uolcuano camini ; faceuano nella grolfezza del muro alcu ne canne,ò trombe perlequali il calor del fuoco,ch ’ erafotto quelle ftanze l ' aliua , & vfciua fuori per certi fpiragli,ò bocche fatte nella fommità di quelle canne ."
AC-B1-P064-06,1,XXVII,6,65,purpose,circulation,circulation,0.35,False,automatic_unverified_candidate,"Cap . XXVIII . I DEVE molto auertire nel poner delle Scale . - perche è non picciola difficultà à ritrouar fito,che à quelle fi conuenga , e non impedifea il reftante della fabrica ."
AC-B1-P064-07,1,XXVII,6,65,purpose,other,unclassified,0.35,False,automatic_unverified_candidate,"Pe rò fi affognerà loro un luogo proprio principalmente ; accioche non impedifeano gli altriluoghi , nè fiano da quelli impedite ."
AC-B1-P064-10,1,XXVII,6,65,recommendation,other,unclassified,0.35,False,automatic_unverified_candidate,"Saranno lodeuoli le leale , Se Saranno lucide , ampie,e commode al Salire : onde quali inuitino le perfone ad afeendere ."
AC-B2-P075-02,2,,3,76,purpose,other,unclassified,0.35,False,automatic_unverified_candidate,"E perche commoda fi deuerà dire quella cala,laquale farà con - _ ueniente alla qualità di chi l ’ hauerà ad habitare,elc lue parti corrilponderanno al tutto , e fra le ftefle ."
AC-B2-P075-06,2,,3,76,purpose,other,unclassified,0.35,False,automatic_unverified_candidate,"Ma fi come Iddio Benedetto ha ordinati quedi membri nodri,che i piu belli fiano in luoghi piu efpodi ad elferueduti, & i meno honedi in luoghi nafeodi ; coli ancor noi nelfabricare ; collocheremo le parti principale riguardeuoli in luoghi fooperti , e lemen belle in * luoghi piu alcoli a gli occhi nodri che fiaposfibile : perche in quelle fi riporranno tutte le brutezze della cafo , e tutte quelle cofe , che potelfero dare impaccio , & in parte render brutte le parti piu bel le ."
AC-B2-P076-01,2,III,4,77,purpose,other,unclassified,0.35,False,automatic_unverified_candidate,"A quella medefima parte faranno anco gli ftudij,ò libi a - rie : perche la mattinapiù che d ’ altro tempo fi adoperano ."
AC-B2-P076-03,2,III,4,77,purpose,construction,construction,0.35,False,automatic_unverified_candidate,"Ma perche nelle città quali fempre,ò i muri de ’ uicini,o le ftra - de,e le piazze publiche alfegnano certi , terminioltraiquali non fi può l ’ Architetto eftédere ; fa dibi j fógno accomodarli fecondo l ’ occafione de ' liti : alche daranno gran lume ( fe non m ’ inganno ) le pian J te,egTalzaticheleguono fiqualiferuirannoperefempiodellecofedetteanchonelpalfato libro . ■ % DE I DISEGNI DELLE CASE DELLA CITTA * ."
AC-B2-P076-05,2,III,4,77,purpose,other,unclassified,0.35,False,automatic_unverified_candidate,"E perche fe bene alcune delle fabriche difegnate non fono del tutto finite ; fi può » . nondimeno da quel che è fatto comprendere qual debba elfer l ’ opera finita ch ’ ella fia ; ho pollo à ciafcunà il nome dell ’ edificatore , & il luogo doue fono j affine che ciafcuno udendo polfa uedere in effetto come eife riefeano ."
AC-B2-P084-02,2,,,85,purpose,other,unclassified,0.35,False,automatic_unverified_candidate,"Le Cantine , e luoghi limili fono fottoterra : perche quella fa brica è nella più alta parte della Città,oue non è pericolo,che l ’ acqua dia impaccio ."
AC-B2-P088-02,2,,6,89,purpose,other,unclassified,0.35,False,automatic_unverified_candidate,"Il Giardino che lì troua auanti che fi entri nelle Halle ; è molto maggiore di quel ch ’ egli è fegnato : ma fi ha fatto coli picciolo perche altramente il foglio non fa - riaftatocapace dielfeHalle , e coli di tutte le parti ."
AC-B2-P096-01,2,IIII,,97,purpose,room_proportion,space_organization_and_proportion,0.35,False,automatic_unverified_candidate,"DELL ’ ATRIO TOSCANO . Cap . IIII . A P OI c ’ ho polle alcune di quelle fabriche,ch ’ io ho ordinate nelle Città ; è molto conueneuole che per feruare quanto ho prometto , ponga i difegni di alcuni luoghi principali delle caie de gli Antichi : e perche di quelle l ’ Atrio era una parte nota - bilifsima ; dirò prima de gli Atrij, & in confequenza dei luoghi a lui aggiunti : poi uerrò alle Sale ."
AC-B2-P097-01,2,,1,98,condition,opening,openings_and_light,0.35,False,automatic_unverified_candidate,"B , Atrio . D , Fregio , ouero trauelimitare . G , Porta del Tabiino . F , Tabiino . I , Portico del Periftilio . k , Loggia auanti l ' Atrio , che potremo chiamare Veftibulo ."
AC-B2-P101-06,2,VI,,102,purpose,construction,construction,0.35,False,automatic_unverified_candidate,"In quello ordine in luogo de Pilaftri , ui è il muro continuo, & al diritto de gli Archi de gli ordini inferiori ui fono feneftre che danno lume all ’ entrar nelle celle : i uol - ti delle quali fono fatti di canne , accioche non aggrauinoi muri ."
AC-B2-P110-02,2,IX,,111,condition,column_order,orders_and_detail,0.35,False,automatic_unverified_candidate,"Ma coli nell ’ vno , come nell ’ altro fi faceuano le colonne apprelTo il muro , e gli Architraui,i Fregi , e le Cornici fi lauorauano di ftucco , ouero fi faceuano di legno , e ui era un ’ ordine folo di colonne ."
AC-B2-P113-02,2,X,41,114,condition,column_order,orders_and_detail,0.35,False,automatic_unverified_candidate,"Percioche il foffitto andaua fopra la Cornice del fecondo ordine,e doueuano riufcir molto commode quando ui lì face - uano felle,ò conuiti . mm mm V FF DELLE"
AC-B2-P117-02,2,XII,45,118,condition,opening,openings_and_light,0.35,False,automatic_unverified_candidate,"Se fi potrà fabricare fopra il fiume ; farà cofa molto commoda,e bella : percioche e le entrate con poca Ipefa in ogni tempo fi potranno nella Città condurre con le barche , e feruirà a gli ufi della cafa,e de gli animali , oltra che apporterà molto frelco la Edate , e farà bellifsima uilfa , e con grandifsima utilità, & ornamento fi potranno adacquare le polfefsioni , i Giardini,e i Bruoli , che fono l ’ ani ma,e diporto della Villa ."
AC-B2-P117-03,2,XII,45,118,purpose,other,unclassified,0.35,False,automatic_unverified_candidate,"Ma non fi potendo hauer fiumi nauigabili ; fi cercherà di fabrica re apprelfo altre acque correnti , allontanandoli fopra tutto dalle acque morte , celie non corrono : perche generano aere cattiuifsimo : ilche facilmente lchiueremo,le fàbricheremo in luoghi elcuati , & allegri : cioè doue l ’ acre Ila dal continuo fpirar de ’ uenti molfo ; e la terra per la fcaduta fia da gli hu midi,e cattiui uapori purgata : onde gli habitatori fani, & allegri,e con buon colore li mantengano ; c ' non fi lenta la moleflia delle Zenzaie, & d ’ altri animaletti,che nalcono dallaputrcfattione dell ’ acque | morte,e paludofe ."
AC-B2-P117-04,2,XII,45,118,purpose,material,materials,0.35,False,automatic_unverified_candidate,"E perche le acque fono necelfariifsime al uiucre humano , e fecondo le uarie D ualità loro uarij effetti in noi producono ; onde alcune generano milza , alcune gozzi , alcune il mal i pietra . & alcun altre altri mali ; fi uferà grandifsima diligèza,che uicino à quelle fi fabrichi,le quali : non habbiano alcuno tirano làpore,e di niun colore partecipino : ma liano limpide,chiare,e lottili , e I che fparfe fopra un drappo bianco non lo macchino : perche quelli faranno fegni della bontà loro ."
AC-B2-P118-06,2,,,119,purpose,other,unclassified,0.35,False,automatic_unverified_candidate,"I tinacci , doue bolle il uino fi riporranno lotto i coperti,che lì faranno apprdfo dette can tine,c tanto cleuati,che le loro { pine fiano alquanto più alte del buco fuperior della Botte ; accioche ageuolmente per maniche di coro , ò canali di legno lì polfa il uino di detti Tinacci mandar nelle bot ti ."
AC-B2-P132-01,2,,6,133,purpose,room_proportion,space_organization_and_proportion,0.35,False,automatic_unverified_candidate,"Sono nella Sala alcune meze colonne , che tolgo no Tufo un poggiuolo , nel quale fi entra per le ftanze di fopra - , lequali perche fono alte folo fette pie di ; feruono per mczati ."
AC-B2-P133-02,2,,61,134,purpose,other,unclassified,0.35,False,automatic_unverified_candidate,"Nelfianco rincontro alle dalle ui fono danze,delle quali altre fono de dicate alla Continenza,altre alla Giuditia, & altre ad altre Virtù con gli Elogij , e Pitture , che ciò di - modrano , parte delle quali c opera di Mefler Battida Maganza Vicentino Pittore,e Poeta Angolare : il che è dato fatto affine che quedo Gentil ’ huomo , il qualericeue molto uolentieri tutti quelli , che vanno à ritrouarlo ; polfa alloggiare i fuoi foredieri, & amici nella camera di quella Virtù , alla quale efsi gli pareranno hauer più inclinato l ’ animo ."
AC-B2-P133-03,2,,61,134,purpose,roof,roof,0.35,False,automatic_unverified_candidate,"Ha queda fabrica la commodità di potere andare per tutto al copertoi e perche la parte per l ’ habitatione del padrone,e quellaper l ’ ufo di Villa fono di vno ideflò ordine ; quanto quella perde di grandezza per non edere più eminente di queda ; tanto que da di Villaaccrefcedelfuodebitoornamento,edignità,facendolìvguale àquella del Padrone con bellezza di tutta l ’ opera ."
AC-B2-P137-03,2,,6,138,purpose,other,unclassified,0.35,False,automatic_unverified_candidate,"E ’ Hata quella fabrica ornata di pitture dibellifsimainuentione da Melfer Gualtiero Padouano,da Mef ler Battiila del Moro Veronefe , & da Melfer Battilla Venetiano ; perche quello Gentil ’ huomo , il - quale è giudiciolìfsimo , per redurla a quella eccellenza & perfcttione,che liapofsibile ; non haguar dato a Ipefa alcuna, & ha Icelto i più lingolari, & eccellenti Pittori de ’ nollri tempi ."
AC-B2-P141-02,2,XVI,6,142,condition,other,unclassified,0.35,False,automatic_unverified_candidate,"In ella li olferuano tutte quelle conliderationi,delle quali s ’ è detto di lopra , quando li pofe ildifegno della cala prillata de gli Antichi : e però hora habbiamo folamente conliderato la parte della Villa ."
AC-B3-P155-01,3,,,156,purpose,opening,openings_and_light,0.35,False,automatic_unverified_candidate,"Aerando che ( mercè della cortefisfima, & humanisfimafua natura ) fe non le farà in tutto caro , almeno non lo Iprez - zerà : anzi qual ’ hpra fi trouerà manco occupata dagli importantisfimifuoi affari , fi degnaràper follazzo leggerla : perche in quella uederài difegni di molti antichi marauigliofi Edificij , & che io mi fon affaticato alfai per illullrar l ’ Antichità appresogli amatori di quella , narrando in che tempo,dachi, & àqual ’ effetto fodero fabricati ; & per render utilità alli lludiofi dell ’ Architet tura , moffrando in figura le piante , gli alzati , i profili , e tutti i membri loro ; aggiognendoui le mifure giulte , e uere , fi come fono flati dame con fommo lludio mifurati ."
AC-B3-P157-03,3,,,158,purpose,other,unclassified,0.35,False,automatic_unverified_candidate,"Dipoi tratterò delle piazze ( fecondo che Vitruuio ci infegna che le faceuano i Gre ci , & i Latini ) & di quei luoghi , che intorno le piazze fi deuono fare : e perche tra quelli è di mol ta confideratione degno il luogo , doue i giudici rendono ragione , chiamato da gli antichi Bafi - lica ; fi porrà di lui particolarmente i difegni ."
AC-B3-P159-03,3,,,160,purpose,other,unclassified,0.35,False,automatic_unverified_candidate,"Ma perche le firade , ò fono dentro della Città , ò fuori ."
AC-B3-P160-06,3,VI,,161,purpose,other,unclassified,0.35,False,automatic_unverified_candidate,"VI . del primo Lib . ) non riguardino per linea retta ad alcun uento : accioche per quelle non fi tentino i Venti furiofi , e uiolenti ; ma con più fanità de gli habitatori uengano rotti , loaui , purgati , e fianchi ; ne s ' incorranell ’ inconueniente,ncl quale anticamente incorfero quelli , che nellUola di Lesbo , compartirono leftrade di Metelino , dalla qual Città hora tutta l ’ Ifolahaprefoil nome ."
AC-B3-P160-10,3,VI,,161,purpose,other,unclassified,0.35,False,automatic_unverified_candidate,"Molto ftudio pofero in effe gli antichi , onde accioche fteffero fempre acconcie crearono i prouedi - tori,e curatori di quelle ; e molte da loro ne furono fatte,delle quali per la com modità , & per la bellezza fua , benché fiano fiate guafte dal tempo ; fe ne ferba ancora memoria ."
AC-B3-P163-08,3,IIII,,164,purpose,urban_public,urban_and_public_architecture,0.35,False,automatic_unverified_candidate,"Conciofiache le piegature , e tortuofita delle ripe fiano elpolte à elfer menate uia dall ’ acqua , onde in tal cafo uerrebbe il ponte à reftar fenza Ipal le , & in Ifola ; & ancho perche al tempo delle inondationi trahono Tacque in dette tortuofità , la materia , che dalle ripe , e dalli campi leuano i laquale non potendo andare giù al diritto , ma fer mandofi più altre cote ritarda , & auolgendofi à i pilallri rinchiude T aperture de gli archi , onde l ’ opera ne patilce in modo che dal pelo dell ’ acqua uieneco ’ l tempo tirata àruina ."
AC-B3-P163-09,3,IIII,,164,condition,other,unclassified,0.35,False,automatic_unverified_candidate,"Si eleggerà dunque il luogo per edificami i ponti , ilquale fia nel mezzo della Regione , ouero dèlia Città , e coli commodo à tutti gli habitatori ; & oue il fiume habbia il corfo diritto , & il letto manco pro fondo , uguale , e perpetuo ."
AC-B3-P163-11,3,IIII,,164,condition,other,unclassified,0.35,False,automatic_unverified_candidate,Ouero acciò che cótinuamente habbiano àferuire à commodo di ciafiuno .
AC-B3-P164-02,3,VI,12,165,purpose,material,materials,0.35,False,automatic_unverified_candidate,"Era quefto Ponte uicino à R ipa , oue fi uedono alcuni ueftigi in me zo . del fiume , perche fu poi fatto di pietra da Emilio Lepido Pretore , & riftorato da Tiberio Im peradorc , & da Antonino Pio ."
AC-B3-P164-05,3,VI,12,165,purpose,other,unclassified,0.35,False,automatic_unverified_candidate,"Ma perche i particolari fono infiniti , non fi può dar di loro certa , e determinata re gola ."
AC-B3-P167-02,3,VII,5,168,purpose,urban_public,urban_and_public_architecture,0.35,False,automatic_unverified_candidate,"La inuentione di quedo Ponte a mio giudicio è molto degna di auertimento , perche potrà feruire in tutte le occafioni , nelle quali fi haueffero le dette difficultà ; & perche i Ponti coli fatti uengono à effer forti , belli , e commodi : forti perche tutte le loro parti fcambieuolmente fi fodentano : belli perche la tesfitura de ’ legna mi è gratiofa ; & commodi , perche fono piani , e fotto una ideffa linea co ’ l rimanente dejladra da ."
AC-B3-P173-07,3,XI,,174,purpose,other,unclassified,0.35,False,automatic_unverified_candidate,"Gli archi fi deuono far ben fermi , e forti , & con pietre gran di , lequali fianobenisfimocommelfe infieme ; accioche posfino refillere al continuo palfar de ’ carri,ereggerealpefo,cheperqualcheaccidentefaracondutto lor fopra ."
AC-B3-P174-05,3,,2,175,purpose,opening,openings_and_light,0.35,False,automatic_unverified_candidate,"L ’ Angolo de ’ { peroni , che tagliano l ’ acqua , è retto , ilche ho olferuato che fecero gli antichi in tutti i ponti , perche egli è molto piu forte dell ’ acuto , e però manco elpofto à elfer minato da gli arbori , ouer da altra materia , che ucnilfe portata all ’ ingiù dal fiume ."
AC-B3-P182-01,3,XV,3,183,purpose,urban_public,urban_and_public_architecture,0.35,False,automatic_unverified_candidate,"Cap . XV . ' ALTRO Ponte Antico , che , come ho detto , è in Vicenza Copra il Re - rone ; fi chiama uolgarmente il ponte dalle Beccarie , perche egli è apprclfo il Macello maggioredella Città ."
AC-B3-P183-02,3,XVI,3,184,recommendation,other,unclassified,0.35,False,automatic_unverified_candidate,"Ma fi come torna bene che fiano molte piazze Iparfe per la Città,coli molto più è ne - celfario , & hà del grande , e dell ’ honoreuole , che ue ne fi a una principalisfima , e che ueramen - te fi polfa chiamar publica ."
AC-B3-P184-04,3,XVII,,185,condition,other,unclassified,0.35,False,automatic_unverified_candidate,"Vicino à quelle piazze,benché Vitruuio , quando ne inPegna come elle fi ordinauano ; non faccia mentione di quelli luoghi ; ui douea elPer la Bafilica , la Curia , le prigioni , e tutti gli altri luoghi , de quali s ’ è detto di fopra,che fi con - giongono alle piazze ."
AC-B3-P184-05,3,XVII,,185,purpose,urban_public,urban_and_public_architecture,0.35,False,automatic_unverified_candidate,"Oltra di ciò perche ( come egli dice al cap . Vll . del primo Libro ) ufarono gli antichi di fare apprelfo le piazze i Tempij confatati àMercurio , & à Ifide , come à Dei prefi denti à i negoti j , & alle mercantie ; & in Pola Città deH ' Iltria fe ne ueggono d ue fopra la piazza , l ’ uno Panile all ’ altro di forma,di grandezza , & di ornamenti ; io gli ho figurati nel difegno di que He piazze à canto la Bafilica : le piante e gli alzati de quali con tutti i lor membri particolari più diftinumtate fiucdcraiuioncl mio Lituo de ’ Tempi ) < A , Piazza ."
AC-B3-P193-02,3,XX,41,194,purpose,material,materials,0.35,False,automatic_unverified_candidate,"Et un ’ altra ue n ’ è in Vicenza , della quale folamente ho pollo i difegni , perche i portichi , ch ’ ellahà d ’ intorno ; fono di mia inuentione : e perche non du bito che quella tfbrica non polla elfer comparata à gli edificij antichi ; & annouerata tra le mag giori , e le più belle fabriche , che fiano ftate fatte da gli antichi in quà , fi per la grandezza , e per gli ornamenti fuoi : come anco per la materia,che è tutta di pietra uiua durisfima ; e fono ftate tut tele pietre commelfe , e legate infiemecon fomma diligenza ."
AC-B3-P193-03,3,XX,41,194,purpose,other,unclassified,0.35,False,automatic_unverified_candidate,"Non occorre ch ’ io ponga le mi - fure di ciafcuna fua parte , perche ne ’ difegni fono tutte notate à i fuoi luoghi ."
AC-B3-P196-03,3,XI,,197,purpose,vertical_dimension,vertical_dimensioning,0.35,False,automatic_unverified_candidate,"Nel quarto lato poi , ilqualc era uolto al Mei iggic i faceua noi portichidoppij : accioche le pioggie da uenti Ipintenon entralfero nella parte più à dentro , nel uerno ; & Iellate il Sole folfe più lontano ."
AC-B3-P196-07,3,XI,,197,condition,temple,building_type_and_composition,0.35,False,automatic_unverified_candidate,"Apprelfo il Xillo , & il portico doppio fi difegnaua - po i luoghi feoperti da caminare detti da loro Peridromide ; ne ’ quali il uerno,quando era fereno il Cielo }"
AC-B4-P203-03,4,,,204,purpose,temple,building_type_and_composition,0.35,False,automatic_unverified_candidate,"Onde perche gli An tichi Greci e Romani nel fari Tempij ai lor Dei , posero grandissimo studio , & con bellissima Architettura li composero , accioche essi con que maggiori ornamenti , & con quella miglior pro portione fossero fatti , che allo Dio , alquale erano dedicati , si conuenisse ; io son per dimo strar in questo libro la forma , egli ornamenti di molti Tempij antichi , de quali ancora si ueggo no le ruine , e sono da me stati ridotti in disegno : accioche si possa da ciascuno conoscere con qual forma si debbiano , & con quali ornamenti fabricar le chiese ."
AC-B4-P205-02,4,,,206,purpose,construction,construction,0.35,False,automatic_unverified_candidate,"Et à Pallade , à Mercurio , & a Iside , perche à gli artifici , & alle mercantie erano presidenti ; edificaronoi Tempij uicino alle Piazze , & alcuna uolta sopra le Piax ze istesse ; ad Apolline , & à Bacco presso al Theatro : ad Hercole , uicino al Circo , & allo Amfithea tro ."
AC-B4-P206-05,4,II,,207,purpose,temple,building_type_and_composition,0.35,False,automatic_unverified_candidate,"Hebberogli Antichi riguardo à quello , che si con uenisse à ciascuno de loro Dei non solo nell ’ eleggere iluoghi , ne ' quali si douessero fabricare i Tempij , come è stato detto di sopra , ma ancho nell ' elegger la forma : onde al Sole , & alla Lu na , perche continuamente intorno al Mondo si grano , & con questo lor virare producono gli effetti à ciascuno manifesti , fecero i Tempij di formaritonda : ô al meno che alla rotondità si aui cinassero , & cosi ancho à Vesta , laqual dissero esser Dea della Terra ; ilquale Elemento sappia mo ch ' è tondo ."
AC-B4-P207-05,4,III,,208,condition,temple,building_type_and_composition,0.35,False,automatic_unverified_candidate,"Ma se si disingeranno , non ui staran no bene quelle pitture , che con il significato loro alienino l ' animo dalla contemplatione del le cose Diuine ; percioche non si dobbiamo ne i Tempij partire dalla grauità , & da quelle co se , che uedute da noi rendano gli animi nostri piu infiammati al Culto Diuino , & al bene operare ."
AC-B4-P208-06,4,IIII,,209,purpose,temple,building_type_and_composition,0.35,False,automatic_unverified_candidate,"D I CINQVE SPECIE DI TEMPII . CAP . IIII . SARONO gli Antichi ( come è stato detto di sopra ) di fare i porti ci à i loro Tempij per commodità del Popolo ; accioche egli hauesse doue tra tenersi , e passeggiare suori della Cella ; nella quale si faceuano i sacrificeij : & per dare maggior Maestà , e grandexza à quelle fabriche ."
AC-B4-P209-06,4,V,,210,purpose,temple,building_type_and_composition,0.35,False,automatic_unverified_candidate,"Io ho nominato le maniere de ' Tempij con quegli istessi nomi che mette Vitru uio , come ho fatto ancho gli aspetti ; si per la causa detta di sopra ; si ancho perche tali nomi paiono già esser stati riceuuti dalla nostra lingua , e da ciascuno s ' intendono ; e però mi seruirò archo di loro ne i disegni de i Tempij , che seguiranno ."
AC-B4-P210-03,4,,3,211,condition,other,unclassified,0.35,False,automatic_unverified_candidate,"Diastilas , & Areostiloss è detto à pieno nel primo libro , quando hab biamo trattato degli intercolunnij :"
AC-B4-P215-04,4,VII,15,216,purpose,temple,building_type_and_composition,0.35,False,automatic_unverified_candidate,"Nella parte didentro , cioè nella Cella non si uede indicio nè uestigio alcuno , nè meno sono mor se nelle mura , onde si possa fermamente dire , che ui fossero ornamenti , & tabernacoli ; nondimeno perche è molto uerisimile che ue ne fossero , ioue ne ho fatto dimia inuentione ."
AC-B4-P223-05,4,VIII,23,224,purpose,column_order,orders_and_detail,0.35,False,automatic_unverified_candidate,"Le colon ne che le sono intorno non hanno piedestilo , ma nascono da terra ; e fu molto ragioneuole che ' l Tem pio fusse piu eminente dell ' altre parti ; sono ancor queste di opera Corinthia , & al diritto loro sopra la Cornice u ' erano pilastrelli , sopra i quali doueano esser poste delle statue ; nè si merauigliera alcuno che io pongatanta copia di statue in questi edificij , perche si legge che tante ne erano in Roma , che pareuano un ' altro popolo ."
AC-B4-P236-02,4,X,,237,purpose,other,unclassified,0.35,False,automatic_unverified_candidate,"Tatio Re de ' Romani ; e si auicinano alla forma ritonda perche sono cosi larghi come lunghi , il che fu fat to hauendo rispetto al uiaggio de detti pianeti , il quale è circolare intorno del Cie lo ."
AC-B4-P248-01,4,XIII,48,249,purpose,temple,building_type_and_composition,0.35,False,automatic_unverified_candidate,"Ma perche regolarmente itempij alla Fortuna si faceuano ritondi , alcuni altri hanno detto , ch ' egli non era tempio , ma la Basilica di C ."
AC-B4-P248-02,4,XIII,48,249,purpose,temple,building_type_and_composition,0.35,False,automatic_unverified_candidate,"Lu cio ; fondando questa loro opinione in alcune lettere , che ui sono state ritrouate ; il che per mio giudi cio non può essere , si perche questo edificio è piccolo , & le Basiliche erano edificij grandi necessariamen te per la quantità delle persone , che ui negociauano : si ancho perche nelle Basiliche si faceuanoi porti ci nella parte di dentro , & in questo tenpio non ui è uestigio alcuno di portico : onde io credo certo ch ’ e gli fusse un tempio ."
AC-B4-P255-02,4,XV,55,256,purpose,column_order,orders_and_detail,0.35,False,automatic_unverified_candidate,"Le co lonne sono di ordine Corinthio . La basa è Attica , & ha un bastoncino sotto la cimbia della colonna ; la cimbia , ò listello è sottile molto , e cos mefriesce molto gratiosa ; & si fa cosi cottile ogni uolta che è con giunta con un bastoncino sopra il toro della basa detto arch ’ esso bastone , perche non è pericolo che si spezzi ."
AC-B4-P261-01,4,XVI,53,262,purpose,roof,roof,0.35,False,automatic_unverified_candidate,"Questo Tempio per mia opinione è opera moderna fatta Votre delle spoglie di edificij antichi , ma perche è bella inuentione , & ha gli ornamenti molto bene intagliati , & con uarie maniere di intagli , onde se ne potrà l ' Architetto seruire in molte occasioni ; mi è paruto come necessario il porlo insieme con gli an Votre esté tichi , e tanto piu che da tutti è tenuto per antico ."
AC-B4-P264-02,4,XVII,,265,purpose,opening,openings_and_light,0.35,False,automatic_unverified_candidate,"Ma perche , essendo tutte le cose humane in perpetuo moto , auiene che hora salgano fin al sommo della loro perfettione , e che hora scendano fin all ' estremo deIa loro imperfettione ; l ' Architettura à tempi de ' nostri padri , & aui , uscita di quelle tenebre , nelle quali era stata longamente come sepolta ; cominciò à lasciarsi riuedere nella luce del Mondo ."
AC-B4-P264-03,4,XVII,,265,purpose,site_orientation,site_and_orientation,0.35,False,automatic_unverified_candidate,"Conciosia adunque ( per fornare al proposito nostro ) che Beamante sia stato il primo à metter in luce la buona , e bella Architettura , che da gli Antichi fin ' à quel tempo era stata nascosa , m ' è paruto con regione douersi darluoso fra le antiche alle opere fue ; e però ho posto in questo li bro il seguente Tempio , ordinato da lui sopra il Monte Ianiculo : e perche fu fatto in commemora tione di San Pietro Apostolo , il quäle si dice che quiui fu crocifisso , si nomina San Piétro Montorio ."
AC-B4-P267-02,4,XVIII,1,268,condition,temple,building_type_and_composition,0.35,False,automatic_unverified_candidate,"E . ca ch ' elle erano del Tempio di Gioue Statore , e cosi credo che fusse uotato da Ro molo quando i Sabini hauendo per tradimento preso il Campidoglio , & la Rocca , de de Votre quasi uittoriosis ' erano inuiati uerso il Palazzo ."
AC-B4-P270-01,4,XIX,,271,condition,temple,building_type_and_composition,0.35,False,automatic_unverified_candidate,"LIBRO Cap . XIX . DEL TEMPIO DI GIOVE TONANTE . VI VEGGONO alle radici del Campidoglio alcuni uestigi del seguente Tem pio , il quale dicono alcuni , che cra di Gioue Tonante , & che fu edificato da Au gusto per il pericolo , ch ' egli passò quando nella guerra Cantabrica in un uiaggio ch ' egli faceua dinotte , fu la Lettiga doue egli era dentro , percossa da una saetta , dalla quale fu morto un seruo , che u ' era auanti , senza far punto di offesa alla perso na di esso Augusto ."
AC-B4-P270-02,4,XIX,,271,purpose,site_orientation,site_and_orientation,0.35,False,automatic_unverified_candidate,"Del che io dubito alquanto , perche gli ornamenti , che ui si ueggono sono lauorati delicatissimamente con bellissimi intagli , & è cosa manifesta che à i tempi di Augusto le opere si faceuano più sode , come si uede nel Portico di Santa Maria Ritonda edificato daM ."
AC-B4-P270-03,4,XIX,,271,purpose,construction,construction,0.35,False,automatic_unverified_candidate,"Percioche in tai casi faceuano gli Antichi il primo muro molto grosso , accioche l ’ humiditànon pe netrasse nella parte di dentro dell ' Edificio , & faceuano l ' altro muro con contraforti , accioche fusse atto à reggere il continuo carico del monte ; e lasciauano il detto specio tral ' uno , e l ' altro dei detti muri ; perche l ' acque , che dal monte scendessero ini raunate haueffero libero il corso loro , & in tal modo non facessero alcun danno alla fabrica ."
AC-B4-P273-02,4,XX,73,274,purpose,construction,construction,0.35,False,automatic_unverified_candidate,"Per la grossezzi del muro , che circonda il Tempio ui sono alcuni uacui fatti accioche i terremoti meno nuocano à questa fabrica , e per risparmiare della spesa , & della materia ."
AC-B4-P273-05,4,XX,73,274,purpose,other,unclassified,0.35,False,automatic_unverified_candidate,"Ma perche io ueggo che ella benissimo accompagna con tutto il resto del l ' opera , & che hatutti i suoi membri benissimo lauorati , tengo perfermo ch ' ella fusse fatta al tempora , che fu fatto ancho il resto di questo edificio ."
AC-B4-P285-01,4,XXI,,286,purpose,temple,building_type_and_composition,0.35,False,automatic_unverified_candidate,"H . co ; e perche questa è la commune opinione , & hora ferue per chiefa , io l ' ho posto infra itempij ."
AC-B4-P288-02,4,XXII,26,289,purpose,temple,building_type_and_composition,0.35,False,automatic_unverified_candidate,"E perche di questo tempio non si uede orna mento alcuno , io ne ho fatto solo una tauola , nella quale è disegnata la Pianta ."
AC-B4-P290-02,4,XXIII,90,291,purpose,temple,building_type_and_composition,0.35,False,automatic_unverified_candidate,"Le base non hanno zoccolo , accioche fusse più espedito , e piu ampio il luago da passeggiar sotto il portico ."
AC-B4-P318-01,4,XIX,,319,purpose,temple,building_type_and_composition,0.35,False,automatic_unverified_candidate,"LIBRO uS DELL ’ ALTRO TEMPIO DI NIMES . Cap . XIX . DISEGNI , che feguono fono dellaltro tempio di Nimes,il quale dicono quel li della città che era il Tempio di Veda , il che permiogiudiciononpuò efi ' ere , fi perche à Verta ( ìfaceuanoiTempij ritondi àiimilitudine deH ’ demcnto della Ter ra , della quale diceuano ch ’ ella era Dea :"
AC-B4-P324-01,4,XXX,124,325,condition,temple,building_type_and_composition,0.35,False,automatic_unverified_candidate,"Cap . XXX . ’ * * “ "" di ( opra , quando fi trattò di quelli , che fono in Roma ; fi uc - impidoglio , uicino all ’ Arco ai Settimio,oue era già il prin - d , le Colonne del portico del Tempio , che fegue : il quale i F ."
AC-B4-P328-01,4,XXXI,,329,purpose,column_order,orders_and_detail,0.35,False,automatic_unverified_candidate,Non fi fa da chi egli forte edifica to ; nè à qual Dio forte confegrato : ma perche ne ’ fragmenti della Gola diritta del la fua cornice fi uedono de ’ Delfini intagliati ; & in alcuni luoghi tra l ’ un Delfino e l ’ altro ui fono de ’ Tridenti imi dò a creder che egli fofle dedicato à Nettuno .
